id,scene,seed_group,pass,act,cue_at,vo_cue,prompt,negative_prompt,aspect_ratio,save_as
S002-line,S002,S002,line,ACT 0 — THE HOOK,0:02,Hira. A cave on a mountain outside Mecca,"A dark cave mouth in a bare rock face seen from inside, looking out at a blinding pale sky. The opening is a hard-edged shape of light. No figure., line art only, no colour, no wash STYLE: ink and watercolour on aged parchment. Loose confident pen line, wet bleeding washes with visible grain and hard edges where the water dried. Palette: raw sienna, burnt umber, ochre, warm grey, with sparing indigo and a single warm gold accent. Muted, aged, hand-made. Generous empty parchment. Cinematic 16:9, 1920x1080.","no text, no letters, no writing, no numerals, no calligraphy, no signature, no watermark, no human face, no facial features, no portrait, no photoreal skin, no 3D render, no digital gloss, no lens flare, no modern objects, no crosses, no church architecture, no menorah, no Star of David.",16:9,S002-line.png
S002-wash,S002,S002,wash,ACT 0 — THE HOOK,0:02,Hira. A cave on a mountain outside Mecca,"A dark cave mouth in a bare rock face seen from inside, looking out at a blinding pale sky. The opening is a hard-edged shape of light. No figure. STYLE: ink and watercolour on aged parchment. Loose confident pen line, wet bleeding washes with visible grain and hard edges where the water dried. Palette: raw sienna, burnt umber, ochre, warm grey, with sparing indigo and a single warm gold accent. Muted, aged, hand-made. Generous empty parchment. Cinematic 16:9, 1920x1080.","no text, no letters, no writing, no numerals, no calligraphy, no signature, no watermark, no human face, no facial features, no portrait, no photoreal skin, no 3D render, no digital gloss, no lens flare, no modern objects, no crosses, no church architecture, no menorah, no Star of David.",16:9,S002-wash.png
S003-line,S003,S003,line,ACT 0 — THE HOOK,0:11,a man of forty who cannot read,"An empty stone ledge inside the cave, worn smooth. A folded woollen cloak resting on it, still holding the shape of a body that has gone., line art only, no colour, no wash STYLE: ink and watercolour on aged parchment. Loose confident pen line, wet bleeding washes with visible grain and hard edges where the water dried. Palette: raw sienna, burnt umber, ochre, warm grey, with sparing indigo and a single warm gold accent. Muted, aged, hand-made. Generous empty parchment. Cinematic 16:9, 1920x1080.","no text, no letters, no writing, no numerals, no calligraphy, no signature, no watermark, no human face, no facial features, no portrait, no photoreal skin, no 3D render, no digital gloss, no lens flare, no modern objects, no crosses, no church architecture, no menorah, no Star of David.",16:9,S003-line.png
S003-wash,S003,S003,wash,ACT 0 — THE HOOK,0:11,a man of forty who cannot read,"An empty stone ledge inside the cave, worn smooth. A folded woollen cloak resting on it, still holding the shape of a body that has gone. STYLE: ink and watercolour on aged parchment. Loose confident pen line, wet bleeding washes with visible grain and hard edges where the water dried. Palette: raw sienna, burnt umber, ochre, warm grey, with sparing indigo and a single warm gold accent. Muted, aged, hand-made. Generous empty parchment. Cinematic 16:9, 1920x1080.","no text, no letters, no writing, no numerals, no calligraphy, no signature, no watermark, no human face, no facial features, no portrait, no photoreal skin, no 3D render, no digital gloss, no lens flare, no modern objects, no crosses, no church architecture, no menorah, no Star of David.",16:9,S003-wash.png
S004-line,S004,S004,line,ACT 0 — THE HOOK,0:19,"He has no pen, no scroll","Three objects laid on parchment with wide space between them: a cut reed pen, a rolled blank scroll, a clay inkwell — all pushed to the frame's far edge, emphatically unused, the centre of the frame empty., line art only, no colour, no wash STYLE: ink and watercolour on aged parchment. Loose confident pen line, wet bleeding washes with visible grain and hard edges where the water dried. Palette: raw sienna, burnt umber, ochre, warm grey, with sparing indigo and a single warm gold accent. Muted, aged, hand-made. Generous empty parchment. Cinematic 16:9, 1920x1080.","no text, no letters, no writing, no numerals, no calligraphy, no signature, no watermark, no human face, no facial features, no portrait, no photoreal skin, no 3D render, no digital gloss, no lens flare, no modern objects, no crosses, no church architecture, no menorah, no Star of David.",16:9,S004-line.png
S004-wash,S004,S004,wash,ACT 0 — THE HOOK,0:19,"He has no pen, no scroll","Three objects laid on parchment with wide space between them: a cut reed pen, a rolled blank scroll, a clay inkwell — all pushed to the frame's far edge, emphatically unused, the centre of the frame empty. STYLE: ink and watercolour on aged parchment. Loose confident pen line, wet bleeding washes with visible grain and hard edges where the water dried. Palette: raw sienna, burnt umber, ochre, warm grey, with sparing indigo and a single warm gold accent. Muted, aged, hand-made. Generous empty parchment. Cinematic 16:9, 1920x1080.","no text, no letters, no writing, no numerals, no calligraphy, no signature, no watermark, no human face, no facial features, no portrait, no photoreal skin, no 3D render, no digital gloss, no lens flare, no modern objects, no crosses, no church architecture, no menorah, no Star of David.",16:9,S004-wash.png
S006-line,S006,S006,line,ACT 0 — THE HOOK,0:48,One hundred and fourteen surahs. Twenty-three years.,"A tall stack of loose parchment leaves seen edge-on, uneven, the topmost lifted slightly by air. Warm light raking across the edges., line art only, no colour, no wash STYLE: ink and watercolour on aged parchment. Loose confident pen line, wet bleeding washes with visible grain and hard edges where the water dried. Palette: raw sienna, burnt umber, ochre, warm grey, with sparing indigo and a single warm gold accent. Muted, aged, hand-made. Generous empty parchment. Cinematic 16:9, 1920x1080.","no text, no letters, no writing, no numerals, no calligraphy, no signature, no watermark, no human face, no facial features, no portrait, no photoreal skin, no 3D render, no digital gloss, no lens flare, no modern objects, no crosses, no church architecture, no menorah, no Star of David.",16:9,S006-line.png
S006-wash,S006,S006,wash,ACT 0 — THE HOOK,0:48,One hundred and fourteen surahs. Twenty-three years.,"A tall stack of loose parchment leaves seen edge-on, uneven, the topmost lifted slightly by air. Warm light raking across the edges. STYLE: ink and watercolour on aged parchment. Loose confident pen line, wet bleeding washes with visible grain and hard edges where the water dried. Palette: raw sienna, burnt umber, ochre, warm grey, with sparing indigo and a single warm gold accent. Muted, aged, hand-made. Generous empty parchment. Cinematic 16:9, 1920x1080.","no text, no letters, no writing, no numerals, no calligraphy, no signature, no watermark, no human face, no facial features, no portrait, no photoreal skin, no 3D render, no digital gloss, no lens flare, no modern objects, no crosses, no church architecture, no menorah, no Star of David.",16:9,S006-wash.png
S008-line,S008,S008,line,ACT 0 — THE HOOK,1:04,Your mushaf runs from the longest surah to the shortest,"A closed book seen from the fore-edge, the block of pages fanned so the thickness reads as mass. Warm parchment, indigo binding thread visible., line art only, no colour, no wash STYLE: ink and watercolour on aged parchment. Loose confident pen line, wet bleeding washes with visible grain and hard edges where the water dried. Palette: raw sienna, burnt umber, ochre, warm grey, with sparing indigo and a single warm gold accent. Muted, aged, hand-made. Generous empty parchment. Cinematic 16:9, 1920x1080.","no text, no letters, no writing, no numerals, no calligraphy, no signature, no watermark, no human face, no facial features, no portrait, no photoreal skin, no 3D render, no digital gloss, no lens flare, no modern objects, no crosses, no church architecture, no menorah, no Star of David.",16:9,S008-line.png
S008-wash,S008,S008,wash,ACT 0 — THE HOOK,1:04,Your mushaf runs from the longest surah to the shortest,"A closed book seen from the fore-edge, the block of pages fanned so the thickness reads as mass. Warm parchment, indigo binding thread visible. STYLE: ink and watercolour on aged parchment. Loose confident pen line, wet bleeding washes with visible grain and hard edges where the water dried. Palette: raw sienna, burnt umber, ochre, warm grey, with sparing indigo and a single warm gold accent. Muted, aged, hand-made. Generous empty parchment. Cinematic 16:9, 1920x1080.","no text, no letters, no writing, no numerals, no calligraphy, no signature, no watermark, no human face, no facial features, no portrait, no photoreal skin, no 3D render, no digital gloss, no lens flare, no modern objects, no crosses, no church architecture, no menorah, no Star of David.",16:9,S008-wash.png
S010-line,S010,S010,line,ACT 0 — THE HOOK,1:24,It is like arranging someone's letters by how long each one is,"Loose written leaves — blank, no text — sorted into descending stacks by physical size on a wooden table, tallest left, smallest right. Deliberately bureaucratic. The one visual joke in the film; play it straight., line art only, no colour, no wash STYLE: ink and watercolour on aged parchment. Loose confident pen line, wet bleeding washes with visible grain and hard edges where the water dried. Palette: raw sienna, burnt umber, ochre, warm grey, with sparing indigo and a single warm gold accent. Muted, aged, hand-made. Generous empty parchment. Cinematic 16:9, 1920x1080.","no text, no letters, no writing, no numerals, no calligraphy, no signature, no watermark, no human face, no facial features, no portrait, no photoreal skin, no 3D render, no digital gloss, no lens flare, no modern objects, no crosses, no church architecture, no menorah, no Star of David.",16:9,S010-line.png
S010-wash,S010,S010,wash,ACT 0 — THE HOOK,1:24,It is like arranging someone's letters by how long each one is,"Loose written leaves — blank, no text — sorted into descending stacks by physical size on a wooden table, tallest left, smallest right. Deliberately bureaucratic. The one visual joke in the film; play it straight. STYLE: ink and watercolour on aged parchment. Loose confident pen line, wet bleeding washes with visible grain and hard edges where the water dried. Palette: raw sienna, burnt umber, ochre, warm grey, with sparing indigo and a single warm gold accent. Muted, aged, hand-made. Generous empty parchment. Cinematic 16:9, 1920x1080.","no text, no letters, no writing, no numerals, no calligraphy, no signature, no watermark, no human face, no facial features, no portrait, no photoreal skin, no 3D render, no digital gloss, no lens flare, no modern objects, no crosses, no church architecture, no menorah, no Star of David.",16:9,S010-wash.png
S011-line,S011,S011,line,ACT 0 — THE HOOK,1:36,people being beaten in the streets of Mecca,"A narrow sunlit alley between mud-brick walls, empty. A dropped sandal and a dark stain on the packed earth. Long shadow from a wall. Nobody in frame., line art only, no colour, no wash STYLE: ink and watercolour on aged parchment. Loose confident pen line, wet bleeding washes with visible grain and hard edges where the water dried. Palette: raw sienna, burnt umber, ochre, warm grey, with sparing indigo and a single warm gold accent. Muted, aged, hand-made. Generous empty parchment. Cinematic 16:9, 1920x1080.","no text, no letters, no writing, no numerals, no calligraphy, no signature, no watermark, no human face, no facial features, no portrait, no photoreal skin, no 3D render, no digital gloss, no lens flare, no modern objects, no crosses, no church architecture, no menorah, no Star of David.",16:9,S011-line.png
S011-wash,S011,S011,wash,ACT 0 — THE HOOK,1:36,people being beaten in the streets of Mecca,"A narrow sunlit alley between mud-brick walls, empty. A dropped sandal and a dark stain on the packed earth. Long shadow from a wall. Nobody in frame. STYLE: ink and watercolour on aged parchment. Loose confident pen line, wet bleeding washes with visible grain and hard edges where the water dried. Palette: raw sienna, burnt umber, ochre, warm grey, with sparing indigo and a single warm gold accent. Muted, aged, hand-made. Generous empty parchment. Cinematic 16:9, 1920x1080.","no text, no letters, no writing, no numerals, no calligraphy, no signature, no watermark, no human face, no facial features, no portrait, no photoreal skin, no 3D render, no digital gloss, no lens flare, no modern objects, no crosses, no church architecture, no menorah, no Star of David.",16:9,S011-wash.png
S012-line,S012,S012,line,ACT 0 — THE HOOK,1:50,"a plain called Arafat, with a hundred thousand people","A vast open plain under a white sky seen from high above, the crowd rendered only as a fine speckled texture of ink dots covering the ground to the horizon. A single low hill. No individual discernible., line art only, no colour, no wash STYLE: ink and watercolour on aged parchment. Loose confident pen line, wet bleeding washes with visible grain and hard edges where the water dried. Palette: raw sienna, burnt umber, ochre, warm grey, with sparing indigo and a single warm gold accent. Muted, aged, hand-made. Generous empty parchment. Cinematic 16:9, 1920x1080.","no text, no letters, no writing, no numerals, no calligraphy, no signature, no watermark, no human face, no facial features, no portrait, no photoreal skin, no 3D render, no digital gloss, no lens flare, no modern objects, no crosses, no church architecture, no menorah, no Star of David.",16:9,S012-line.png
S012-wash,S012,S012,wash,ACT 0 — THE HOOK,1:50,"a plain called Arafat, with a hundred thousand people","A vast open plain under a white sky seen from high above, the crowd rendered only as a fine speckled texture of ink dots covering the ground to the horizon. A single low hill. No individual discernible. STYLE: ink and watercolour on aged parchment. Loose confident pen line, wet bleeding washes with visible grain and hard edges where the water dried. Palette: raw sienna, burnt umber, ochre, warm grey, with sparing indigo and a single warm gold accent. Muted, aged, hand-made. Generous empty parchment. Cinematic 16:9, 1920x1080.","no text, no letters, no writing, no numerals, no calligraphy, no signature, no watermark, no human face, no facial features, no portrait, no photoreal skin, no 3D render, no digital gloss, no lens flare, no modern objects, no crosses, no church architecture, no menorah, no Star of David.",16:9,S012-wash.png
S013-line,S013,S013,line,ACT 0 — THE HOOK,2:08,one thing at the end that you will be able to use,"A single parchment leaf held open by two hands at the very bottom edge of frame — hands only, cropped at the wrist, warm skin in wash, no faces., line art only, no colour, no wash STYLE: ink and watercolour on aged parchment. Loose confident pen line, wet bleeding washes with visible grain and hard edges where the water dried. Palette: raw sienna, burnt umber, ochre, warm grey, with sparing indigo and a single warm gold accent. Muted, aged, hand-made. Generous empty parchment. Cinematic 16:9, 1920x1080.","no text, no letters, no writing, no numerals, no calligraphy, no signature, no watermark, no human face, no facial features, no portrait, no photoreal skin, no 3D render, no digital gloss, no lens flare, no modern objects, no crosses, no church architecture, no menorah, no Star of David.",16:9,S013-line.png
S013-wash,S013,S013,wash,ACT 0 — THE HOOK,2:08,one thing at the end that you will be able to use,"A single parchment leaf held open by two hands at the very bottom edge of frame — hands only, cropped at the wrist, warm skin in wash, no faces. STYLE: ink and watercolour on aged parchment. Loose confident pen line, wet bleeding washes with visible grain and hard edges where the water dried. Palette: raw sienna, burnt umber, ochre, warm grey, with sparing indigo and a single warm gold accent. Muted, aged, hand-made. Generous empty parchment. Cinematic 16:9, 1920x1080.","no text, no letters, no writing, no numerals, no calligraphy, no signature, no watermark, no human face, no facial features, no portrait, no photoreal skin, no 3D render, no digital gloss, no lens flare, no modern objects, no crosses, no church architecture, no menorah, no Star of David.",16:9,S013-wash.png
S014-line,S014,S014,line,ACT 1 — THE ORDERING PROBLEM,2:27,Open a mushaf,"An open book on a low wooden rihal stand, both pages blank parchment, warm side-light, deep shadow behind. Shot square-on., line art only, no colour, no wash STYLE: ink and watercolour on aged parchment. Loose confident pen line, wet bleeding washes with visible grain and hard edges where the water dried. Palette: raw sienna, burnt umber, ochre, warm grey, with sparing indigo and a single warm gold accent. Muted, aged, hand-made. Generous empty parchment. Cinematic 16:9, 1920x1080.","no text, no letters, no writing, no numerals, no calligraphy, no signature, no watermark, no human face, no facial features, no portrait, no photoreal skin, no 3D render, no digital gloss, no lens flare, no modern objects, no crosses, no church architecture, no menorah, no Star of David.",16:9,S014-line.png
S014-wash,S014,S014,wash,ACT 1 — THE ORDERING PROBLEM,2:27,Open a mushaf,"An open book on a low wooden rihal stand, both pages blank parchment, warm side-light, deep shadow behind. Shot square-on. STYLE: ink and watercolour on aged parchment. Loose confident pen line, wet bleeding washes with visible grain and hard edges where the water dried. Palette: raw sienna, burnt umber, ochre, warm grey, with sparing indigo and a single warm gold accent. Muted, aged, hand-made. Generous empty parchment. Cinematic 16:9, 1920x1080.","no text, no letters, no writing, no numerals, no calligraphy, no signature, no watermark, no human face, no facial features, no portrait, no photoreal skin, no 3D render, no digital gloss, no lens flare, no modern objects, no crosses, no church architecture, no menorah, no Star of David.",16:9,S014-wash.png
S016-line,S016,S016,line,ACT 1 — THE ORDERING PROBLEM,2:58,By the nineties they are under twenty,"The same fanned page-block as S008 but from the opposite end, the last leaves visibly thinner and fewer, light coming through them., line art only, no colour, no wash STYLE: ink and watercolour on aged parchment. Loose confident pen line, wet bleeding washes with visible grain and hard edges where the water dried. Palette: raw sienna, burnt umber, ochre, warm grey, with sparing indigo and a single warm gold accent. Muted, aged, hand-made. Generous empty parchment. Cinematic 16:9, 1920x1080.","no text, no letters, no writing, no numerals, no calligraphy, no signature, no watermark, no human face, no facial features, no portrait, no photoreal skin, no 3D render, no digital gloss, no lens flare, no modern objects, no crosses, no church architecture, no menorah, no Star of David.",16:9,S016-line.png
S016-wash,S016,S016,wash,ACT 1 — THE ORDERING PROBLEM,2:58,By the nineties they are under twenty,"The same fanned page-block as S008 but from the opposite end, the last leaves visibly thinner and fewer, light coming through them. STYLE: ink and watercolour on aged parchment. Loose confident pen line, wet bleeding washes with visible grain and hard edges where the water dried. Palette: raw sienna, burnt umber, ochre, warm grey, with sparing indigo and a single warm gold accent. Muted, aged, hand-made. Generous empty parchment. Cinematic 16:9, 1920x1080.","no text, no letters, no writing, no numerals, no calligraphy, no signature, no watermark, no human face, no facial features, no portrait, no photoreal skin, no 3D render, no digital gloss, no lens flare, no modern objects, no crosses, no church architecture, no menorah, no Star of David.",16:9,S016-wash.png
S018-line,S018,S018,line,ACT 1 — THE ORDERING PROBLEM,3:26,preserved in memory and in writing,"Four objects arranged as a specimen row on parchment: a thin flat stone, a dried palm stalk, a wide flat bone, a scrap of vellum. Museum-plate stillness., line art only, no colour, no wash STYLE: ink and watercolour on aged parchment. Loose confident pen line, wet bleeding washes with visible grain and hard edges where the water dried. Palette: raw sienna, burnt umber, ochre, warm grey, with sparing indigo and a single warm gold accent. Muted, aged, hand-made. Generous empty parchment. Cinematic 16:9, 1920x1080.","no text, no letters, no writing, no numerals, no calligraphy, no signature, no watermark, no human face, no facial features, no portrait, no photoreal skin, no 3D render, no digital gloss, no lens flare, no modern objects, no crosses, no church architecture, no menorah, no Star of David.",16:9,S018-line.png
S018-wash,S018,S018,wash,ACT 1 — THE ORDERING PROBLEM,3:26,preserved in memory and in writing,"Four objects arranged as a specimen row on parchment: a thin flat stone, a dried palm stalk, a wide flat bone, a scrap of vellum. Museum-plate stillness. STYLE: ink and watercolour on aged parchment. Loose confident pen line, wet bleeding washes with visible grain and hard edges where the water dried. Palette: raw sienna, burnt umber, ochre, warm grey, with sparing indigo and a single warm gold accent. Muted, aged, hand-made. Generous empty parchment. Cinematic 16:9, 1920x1080.","no text, no letters, no writing, no numerals, no calligraphy, no signature, no watermark, no human face, no facial features, no portrait, no photoreal skin, no 3D render, no digital gloss, no lens flare, no modern objects, no crosses, no church architecture, no menorah, no Star of David.",16:9,S018-wash.png
S019-line,S019,S019,line,ACT 1 — THE ORDERING PROBLEM,3:52,a battle at Yamama,"A field of dry stubble after the fact. Broken arrow shafts standing at angles. Low sun, long shadows. No bodies, no figures, no blood., line art only, no colour, no wash STYLE: ink and watercolour on aged parchment. Loose confident pen line, wet bleeding washes with visible grain and hard edges where the water dried. Palette: raw sienna, burnt umber, ochre, warm grey, with sparing indigo and a single warm gold accent. Muted, aged, hand-made. Generous empty parchment. Cinematic 16:9, 1920x1080.","no text, no letters, no writing, no numerals, no calligraphy, no signature, no watermark, no human face, no facial features, no portrait, no photoreal skin, no 3D render, no digital gloss, no lens flare, no modern objects, no crosses, no church architecture, no menorah, no Star of David.",16:9,S019-line.png
S019-wash,S019,S019,wash,ACT 1 — THE ORDERING PROBLEM,3:52,a battle at Yamama,"A field of dry stubble after the fact. Broken arrow shafts standing at angles. Low sun, long shadows. No bodies, no figures, no blood. STYLE: ink and watercolour on aged parchment. Loose confident pen line, wet bleeding washes with visible grain and hard edges where the water dried. Palette: raw sienna, burnt umber, ochre, warm grey, with sparing indigo and a single warm gold accent. Muted, aged, hand-made. Generous empty parchment. Cinematic 16:9, 1920x1080.","no text, no letters, no writing, no numerals, no calligraphy, no signature, no watermark, no human face, no facial features, no portrait, no photoreal skin, no 3D render, no digital gloss, no lens flare, no modern objects, no crosses, no church architecture, no menorah, no Star of David.",16:9,S019-wash.png
S020-line,S020,S020,line,ACT 1 — THE ORDERING PROBLEM,4:08,collected into one written volume,"Loose leaves being squared into a single neat block by two hands at the frame's bottom edge — hands only, cropped at the wrist., line art only, no colour, no wash STYLE: ink and watercolour on aged parchment. Loose confident pen line, wet bleeding washes with visible grain and hard edges where the water dried. Palette: raw sienna, burnt umber, ochre, warm grey, with sparing indigo and a single warm gold accent. Muted, aged, hand-made. Generous empty parchment. Cinematic 16:9, 1920x1080.","no text, no letters, no writing, no numerals, no calligraphy, no signature, no watermark, no human face, no facial features, no portrait, no photoreal skin, no 3D render, no digital gloss, no lens flare, no modern objects, no crosses, no church architecture, no menorah, no Star of David.",16:9,S020-line.png
S020-wash,S020,S020,wash,ACT 1 — THE ORDERING PROBLEM,4:08,collected into one written volume,"Loose leaves being squared into a single neat block by two hands at the frame's bottom edge — hands only, cropped at the wrist. STYLE: ink and watercolour on aged parchment. Loose confident pen line, wet bleeding washes with visible grain and hard edges where the water dried. Palette: raw sienna, burnt umber, ochre, warm grey, with sparing indigo and a single warm gold accent. Muted, aged, hand-made. Generous empty parchment. Cinematic 16:9, 1920x1080.","no text, no letters, no writing, no numerals, no calligraphy, no signature, no watermark, no human face, no facial features, no portrait, no photoreal skin, no 3D render, no digital gloss, no lens flare, no modern objects, no crosses, no church architecture, no menorah, no Star of David.",16:9,S020-wash.png
S021-line,S021,S021,line,ACT 1 — THE ORDERING PROBLEM,4:22,copies were sent out to the major centres,"A map-like aerial of dry country with four faint routes radiating from a central point toward the frame edges, each ending at a small walled shape. Drawn as a hand-inked chart, not a satellite view., line art only, no colour, no wash STYLE: ink and watercolour on aged parchment. Loose confident pen line, wet bleeding washes with visible grain and hard edges where the water dried. Palette: raw sienna, burnt umber, ochre, warm grey, with sparing indigo and a single warm gold accent. Muted, aged, hand-made. Generous empty parchment. Cinematic 16:9, 1920x1080.","no text, no letters, no writing, no numerals, no calligraphy, no signature, no watermark, no human face, no facial features, no portrait, no photoreal skin, no 3D render, no digital gloss, no lens flare, no modern objects, no crosses, no church architecture, no menorah, no Star of David.",16:9,S021-line.png
S021-wash,S021,S021,wash,ACT 1 — THE ORDERING PROBLEM,4:22,copies were sent out to the major centres,"A map-like aerial of dry country with four faint routes radiating from a central point toward the frame edges, each ending at a small walled shape. Drawn as a hand-inked chart, not a satellite view. STYLE: ink and watercolour on aged parchment. Loose confident pen line, wet bleeding washes with visible grain and hard edges where the water dried. Palette: raw sienna, burnt umber, ochre, warm grey, with sparing indigo and a single warm gold accent. Muted, aged, hand-made. Generous empty parchment. Cinematic 16:9, 1920x1080.","no text, no letters, no writing, no numerals, no calligraphy, no signature, no watermark, no human face, no facial features, no portrait, no photoreal skin, no 3D render, no digital gloss, no lens flare, no modern objects, no crosses, no church architecture, no menorah, no Star of David.",16:9,S021-wash.png
S023-line,S023,S023,line,ACT 1 — THE ORDERING PROBLEM,5:05,Reading it in the order revealed is not a correction,"One book, closed, centred, lit warmly and squarely — steady, unfussy, whole. This frame's job is reassurance; keep it calm and symmetrical., line art only, no colour, no wash STYLE: ink and watercolour on aged parchment. Loose confident pen line, wet bleeding washes with visible grain and hard edges where the water dried. Palette: raw sienna, burnt umber, ochre, warm grey, with sparing indigo and a single warm gold accent. Muted, aged, hand-made. Generous empty parchment. Cinematic 16:9, 1920x1080.","no text, no letters, no writing, no numerals, no calligraphy, no signature, no watermark, no human face, no facial features, no portrait, no photoreal skin, no 3D render, no digital gloss, no lens flare, no modern objects, no crosses, no church architecture, no menorah, no Star of David.",16:9,S023-line.png
S023-wash,S023,S023,wash,ACT 1 — THE ORDERING PROBLEM,5:05,Reading it in the order revealed is not a correction,"One book, closed, centred, lit warmly and squarely — steady, unfussy, whole. This frame's job is reassurance; keep it calm and symmetrical. STYLE: ink and watercolour on aged parchment. Loose confident pen line, wet bleeding washes with visible grain and hard edges where the water dried. Palette: raw sienna, burnt umber, ochre, warm grey, with sparing indigo and a single warm gold accent. Muted, aged, hand-made. Generous empty parchment. Cinematic 16:9, 1920x1080.","no text, no letters, no writing, no numerals, no calligraphy, no signature, no watermark, no human face, no facial features, no portrait, no photoreal skin, no 3D render, no digital gloss, no lens flare, no modern objects, no crosses, no church architecture, no menorah, no Star of David.",16:9,S023-wash.png
S025-line,S025,S025,line,ACT 1 — THE ORDERING PROBLEM,5:44,"asbab al-nuzul, the occasions of revelation","A margin of a parchment page densely filled with fine handwritten annotation reduced to abstract ink strokes — the shape of scholarship, not readable text., line art only, no colour, no wash STYLE: ink and watercolour on aged parchment. Loose confident pen line, wet bleeding washes with visible grain and hard edges where the water dried. Palette: raw sienna, burnt umber, ochre, warm grey, with sparing indigo and a single warm gold accent. Muted, aged, hand-made. Generous empty parchment. Cinematic 16:9, 1920x1080.","no text, no letters, no writing, no numerals, no calligraphy, no signature, no watermark, no human face, no facial features, no portrait, no photoreal skin, no 3D render, no digital gloss, no lens flare, no modern objects, no crosses, no church architecture, no menorah, no Star of David.",16:9,S025-line.png
S025-wash,S025,S025,wash,ACT 1 — THE ORDERING PROBLEM,5:44,"asbab al-nuzul, the occasions of revelation","A margin of a parchment page densely filled with fine handwritten annotation reduced to abstract ink strokes — the shape of scholarship, not readable text. STYLE: ink and watercolour on aged parchment. Loose confident pen line, wet bleeding washes with visible grain and hard edges where the water dried. Palette: raw sienna, burnt umber, ochre, warm grey, with sparing indigo and a single warm gold accent. Muted, aged, hand-made. Generous empty parchment. Cinematic 16:9, 1920x1080.","no text, no letters, no writing, no numerals, no calligraphy, no signature, no watermark, no human face, no facial features, no portrait, no photoreal skin, no 3D render, no digital gloss, no lens flare, no modern objects, no crosses, no church architecture, no menorah, no Star of David.",16:9,S025-wash.png
S027-line,S027,S027,line,ACT 1 — THE ORDERING PROBLEM,6:34,al-Suyuti records more than one such list,"Two open manuscript volumes side by side on a table, both with columned pages of abstract ink marks, the columns visibly not aligning with each other., line art only, no colour, no wash STYLE: ink and watercolour on aged parchment. Loose confident pen line, wet bleeding washes with visible grain and hard edges where the water dried. Palette: raw sienna, burnt umber, ochre, warm grey, with sparing indigo and a single warm gold accent. Muted, aged, hand-made. Generous empty parchment. Cinematic 16:9, 1920x1080.","no text, no letters, no writing, no numerals, no calligraphy, no signature, no watermark, no human face, no facial features, no portrait, no photoreal skin, no 3D render, no digital gloss, no lens flare, no modern objects, no crosses, no church architecture, no menorah, no Star of David.",16:9,S027-line.png
S027-wash,S027,S027,wash,ACT 1 — THE ORDERING PROBLEM,6:34,al-Suyuti records more than one such list,"Two open manuscript volumes side by side on a table, both with columned pages of abstract ink marks, the columns visibly not aligning with each other. STYLE: ink and watercolour on aged parchment. Loose confident pen line, wet bleeding washes with visible grain and hard edges where the water dried. Palette: raw sienna, burnt umber, ochre, warm grey, with sparing indigo and a single warm gold accent. Muted, aged, hand-made. Generous empty parchment. Cinematic 16:9, 1920x1080.","no text, no letters, no writing, no numerals, no calligraphy, no signature, no watermark, no human face, no facial features, no portrait, no photoreal skin, no 3D render, no digital gloss, no lens flare, no modern objects, no crosses, no church architecture, no menorah, no Star of David.",16:9,S027-wash.png
S028-line,S028,S028,line,ACT 1 — THE ORDERING PROBLEM,6:56,The Cairo edition of nineteen twenty-four,"A single printed page corner, the heading area empty (text typeset in edit), crisp early-20th-century print texture on cream stock. Slight foxing at edge., line art only, no colour, no wash STYLE: ink and watercolour on aged parchment. Loose confident pen line, wet bleeding washes with visible grain and hard edges where the water dried. Palette: raw sienna, burnt umber, ochre, warm grey, with sparing indigo and a single warm gold accent. Muted, aged, hand-made. Generous empty parchment. Cinematic 16:9, 1920x1080.","no text, no letters, no writing, no numerals, no calligraphy, no signature, no watermark, no human face, no facial features, no portrait, no photoreal skin, no 3D render, no digital gloss, no lens flare, no modern objects, no crosses, no church architecture, no menorah, no Star of David.",16:9,S028-line.png
S028-wash,S028,S028,wash,ACT 1 — THE ORDERING PROBLEM,6:56,The Cairo edition of nineteen twenty-four,"A single printed page corner, the heading area empty (text typeset in edit), crisp early-20th-century print texture on cream stock. Slight foxing at edge. STYLE: ink and watercolour on aged parchment. Loose confident pen line, wet bleeding washes with visible grain and hard edges where the water dried. Palette: raw sienna, burnt umber, ochre, warm grey, with sparing indigo and a single warm gold accent. Muted, aged, hand-made. Generous empty parchment. Cinematic 16:9, 1920x1080.","no text, no letters, no writing, no numerals, no calligraphy, no signature, no watermark, no human face, no facial features, no portrait, no photoreal skin, no 3D render, no digital gloss, no lens flare, no modern objects, no crosses, no church architecture, no menorah, no Star of David.",16:9,S028-wash.png
S029-line,S029,S029,line,ACT 1 — THE ORDERING PROBLEM,7:16,Nöldeke divided the Meccan period into three phases,"Three parchment strips of increasing length pinned in a row, ends ragged, a fine indigo line ruled beneath them., line art only, no colour, no wash STYLE: ink and watercolour on aged parchment. Loose confident pen line, wet bleeding washes with visible grain and hard edges where the water dried. Palette: raw sienna, burnt umber, ochre, warm grey, with sparing indigo and a single warm gold accent. Muted, aged, hand-made. Generous empty parchment. Cinematic 16:9, 1920x1080.","no text, no letters, no writing, no numerals, no calligraphy, no signature, no watermark, no human face, no facial features, no portrait, no photoreal skin, no 3D render, no digital gloss, no lens flare, no modern objects, no crosses, no church architecture, no menorah, no Star of David.",16:9,S029-line.png
S029-wash,S029,S029,wash,ACT 1 — THE ORDERING PROBLEM,7:16,Nöldeke divided the Meccan period into three phases,"Three parchment strips of increasing length pinned in a row, ends ragged, a fine indigo line ruled beneath them. STYLE: ink and watercolour on aged parchment. Loose confident pen line, wet bleeding washes with visible grain and hard edges where the water dried. Palette: raw sienna, burnt umber, ochre, warm grey, with sparing indigo and a single warm gold accent. Muted, aged, hand-made. Generous empty parchment. Cinematic 16:9, 1920x1080.","no text, no letters, no writing, no numerals, no calligraphy, no signature, no watermark, no human face, no facial features, no portrait, no photoreal skin, no 3D render, no digital gloss, no lens flare, no modern objects, no crosses, no church architecture, no menorah, no Star of David.",16:9,S029-wash.png
S032-line,S032,S032,line,ACT 1 — THE ORDERING PROBLEM,8:44,Many surahs are mixed,"A single parchment leaf where two distinct ink tones meet mid-page — one warmer and older, one cooler and fresher — with no hard boundary between them., line art only, no colour, no wash STYLE: ink and watercolour on aged parchment. Loose confident pen line, wet bleeding washes with visible grain and hard edges where the water dried. Palette: raw sienna, burnt umber, ochre, warm grey, with sparing indigo and a single warm gold accent. Muted, aged, hand-made. Generous empty parchment. Cinematic 16:9, 1920x1080.","no text, no letters, no writing, no numerals, no calligraphy, no signature, no watermark, no human face, no facial features, no portrait, no photoreal skin, no 3D render, no digital gloss, no lens flare, no modern objects, no crosses, no church architecture, no menorah, no Star of David.",16:9,S032-line.png
S032-wash,S032,S032,wash,ACT 1 — THE ORDERING PROBLEM,8:44,Many surahs are mixed,"A single parchment leaf where two distinct ink tones meet mid-page — one warmer and older, one cooler and fresher — with no hard boundary between them. STYLE: ink and watercolour on aged parchment. Loose confident pen line, wet bleeding washes with visible grain and hard edges where the water dried. Palette: raw sienna, burnt umber, ochre, warm grey, with sparing indigo and a single warm gold accent. Muted, aged, hand-made. Generous empty parchment. Cinematic 16:9, 1920x1080.","no text, no letters, no writing, no numerals, no calligraphy, no signature, no watermark, no human face, no facial features, no portrait, no photoreal skin, no 3D render, no digital gloss, no lens flare, no modern objects, no crosses, no church architecture, no menorah, no Star of David.",16:9,S032-wash.png
S033-line,S033,S033,line,ACT 1 — THE ORDERING PROBLEM,9:00,Hold it loosely,"An open hand, palm up, at the bottom of frame holding nothing. Cropped at the wrist. Warm wash, soft edge., line art only, no colour, no wash STYLE: ink and watercolour on aged parchment. Loose confident pen line, wet bleeding washes with visible grain and hard edges where the water dried. Palette: raw sienna, burnt umber, ochre, warm grey, with sparing indigo and a single warm gold accent. Muted, aged, hand-made. Generous empty parchment. Cinematic 16:9, 1920x1080.","no text, no letters, no writing, no numerals, no calligraphy, no signature, no watermark, no human face, no facial features, no portrait, no photoreal skin, no 3D render, no digital gloss, no lens flare, no modern objects, no crosses, no church architecture, no menorah, no Star of David.",16:9,S033-line.png
S033-wash,S033,S033,wash,ACT 1 — THE ORDERING PROBLEM,9:00,Hold it loosely,"An open hand, palm up, at the bottom of frame holding nothing. Cropped at the wrist. Warm wash, soft edge. STYLE: ink and watercolour on aged parchment. Loose confident pen line, wet bleeding washes with visible grain and hard edges where the water dried. Palette: raw sienna, burnt umber, ochre, warm grey, with sparing indigo and a single warm gold accent. Muted, aged, hand-made. Generous empty parchment. Cinematic 16:9, 1920x1080.","no text, no letters, no writing, no numerals, no calligraphy, no signature, no watermark, no human face, no facial features, no portrait, no photoreal skin, no 3D render, no digital gloss, no lens flare, no modern objects, no crosses, no church architecture, no menorah, no Star of David.",16:9,S033-wash.png
S034-line,S034,S034,line,ACT 2 — EARLY MECCAN,9:15,Back to the cave,"Return to S002's composition, closer now, the light from the cave mouth stronger and warmer. for continuity., line art only, no colour, no wash STYLE: ink and watercolour on aged parchment. Loose confident pen line, wet bleeding washes with visible grain and hard edges where the water dried. Palette: raw sienna, burnt umber, ochre, warm grey, with sparing indigo and a single warm gold accent. Muted, aged, hand-made. Generous empty parchment. Cinematic 16:9, 1920x1080.","no text, no letters, no writing, no numerals, no calligraphy, no signature, no watermark, no human face, no facial features, no portrait, no photoreal skin, no 3D render, no digital gloss, no lens flare, no modern objects, no crosses, no church architecture, no menorah, no Star of David.",16:9,S034-line.png
S034-wash,S034,S034,wash,ACT 2 — EARLY MECCAN,9:15,Back to the cave,"Return to S002's composition, closer now, the light from the cave mouth stronger and warmer. for continuity. STYLE: ink and watercolour on aged parchment. Loose confident pen line, wet bleeding washes with visible grain and hard edges where the water dried. Palette: raw sienna, burnt umber, ochre, warm grey, with sparing indigo and a single warm gold accent. Muted, aged, hand-made. Generous empty parchment. Cinematic 16:9, 1920x1080.","no text, no letters, no writing, no numerals, no calligraphy, no signature, no watermark, no human face, no facial features, no portrait, no photoreal skin, no 3D render, no digital gloss, no lens flare, no modern objects, no crosses, no church architecture, no menorah, no Star of David.",16:9,S034-wash.png
S036-line,S036,S036,line,ACT 2 — EARLY MECCAN,9:40,Created man from a clinging clot,"Abstract: a single dark red-brown wash blot on wet parchment, bleeding at its edge, magnified to fill the frame. Biological without being anatomical., line art only, no colour, no wash STYLE: ink and watercolour on aged parchment. Loose confident pen line, wet bleeding washes with visible grain and hard edges where the water dried. Palette: raw sienna, burnt umber, ochre, warm grey, with sparing indigo and a single warm gold accent. Muted, aged, hand-made. Generous empty parchment. Cinematic 16:9, 1920x1080.","no text, no letters, no writing, no numerals, no calligraphy, no signature, no watermark, no human face, no facial features, no portrait, no photoreal skin, no 3D render, no digital gloss, no lens flare, no modern objects, no crosses, no church architecture, no menorah, no Star of David.",16:9,S036-line.png
S036-wash,S036,S036,wash,ACT 2 — EARLY MECCAN,9:40,Created man from a clinging clot,"Abstract: a single dark red-brown wash blot on wet parchment, bleeding at its edge, magnified to fill the frame. Biological without being anatomical. STYLE: ink and watercolour on aged parchment. Loose confident pen line, wet bleeding washes with visible grain and hard edges where the water dried. Palette: raw sienna, burnt umber, ochre, warm grey, with sparing indigo and a single warm gold accent. Muted, aged, hand-made. Generous empty parchment. Cinematic 16:9, 1920x1080.","no text, no letters, no writing, no numerals, no calligraphy, no signature, no watermark, no human face, no facial features, no portrait, no photoreal skin, no 3D render, no digital gloss, no lens flare, no modern objects, no crosses, no church architecture, no menorah, no Star of David.",16:9,S036-wash.png
S037-line,S037,S037,line,ACT 2 — EARLY MECCAN,9:56,Who taught by the pen,"A cut reed pen lying alone on parchment, its nib freshly wet, one small drop of ink beside it. Centred, still, reverent. Hold long., line art only, no colour, no wash STYLE: ink and watercolour on aged parchment. Loose confident pen line, wet bleeding washes with visible grain and hard edges where the water dried. Palette: raw sienna, burnt umber, ochre, warm grey, with sparing indigo and a single warm gold accent. Muted, aged, hand-made. Generous empty parchment. Cinematic 16:9, 1920x1080.","no text, no letters, no writing, no numerals, no calligraphy, no signature, no watermark, no human face, no facial features, no portrait, no photoreal skin, no 3D render, no digital gloss, no lens flare, no modern objects, no crosses, no church architecture, no menorah, no Star of David.",16:9,S037-line.png
S037-wash,S037,S037,wash,ACT 2 — EARLY MECCAN,9:56,Who taught by the pen,"A cut reed pen lying alone on parchment, its nib freshly wet, one small drop of ink beside it. Centred, still, reverent. Hold long. STYLE: ink and watercolour on aged parchment. Loose confident pen line, wet bleeding washes with visible grain and hard edges where the water dried. Palette: raw sienna, burnt umber, ochre, warm grey, with sparing indigo and a single warm gold accent. Muted, aged, hand-made. Generous empty parchment. Cinematic 16:9, 1920x1080.","no text, no letters, no writing, no numerals, no calligraphy, no signature, no watermark, no human face, no facial features, no portrait, no photoreal skin, no 3D render, no digital gloss, no lens flare, no modern objects, no crosses, no church architecture, no menorah, no Star of David.",16:9,S037-wash.png
S039-line,S039,S039,line,ACT 2 — EARLY MECCAN,10:38,the rest of Al-Alaq is generally taken to be later,"One parchment leaf, the upper third in warm aged ink, the lower two thirds in a visibly cooler fresher ink, a faint horizontal join between them., line art only, no colour, no wash STYLE: ink and watercolour on aged parchment. Loose confident pen line, wet bleeding washes with visible grain and hard edges where the water dried. Palette: raw sienna, burnt umber, ochre, warm grey, with sparing indigo and a single warm gold accent. Muted, aged, hand-made. Generous empty parchment. Cinematic 16:9, 1920x1080.","no text, no letters, no writing, no numerals, no calligraphy, no signature, no watermark, no human face, no facial features, no portrait, no photoreal skin, no 3D render, no digital gloss, no lens flare, no modern objects, no crosses, no church architecture, no menorah, no Star of David.",16:9,S039-line.png
S039-wash,S039,S039,wash,ACT 2 — EARLY MECCAN,10:38,the rest of Al-Alaq is generally taken to be later,"One parchment leaf, the upper third in warm aged ink, the lower two thirds in a visibly cooler fresher ink, a faint horizontal join between them. STYLE: ink and watercolour on aged parchment. Loose confident pen line, wet bleeding washes with visible grain and hard edges where the water dried. Palette: raw sienna, burnt umber, ochre, warm grey, with sparing indigo and a single warm gold accent. Muted, aged, hand-made. Generous empty parchment. Cinematic 16:9, 1920x1080.","no text, no letters, no writing, no numerals, no calligraphy, no signature, no watermark, no human face, no facial features, no portrait, no photoreal skin, no 3D render, no digital gloss, no lens flare, no modern objects, no crosses, no church architecture, no menorah, no Star of David.",16:9,S039-wash.png
S040-line,S040,S040,line,ACT 2 — EARLY MECCAN,11:00,"Then, according to most accounts, nothing.","An empty sky. Nothing else in frame but a wash gradient from pale at the horizon to deeper above, and a single tiny bird high up. Hold 8s. Let it be uncomfortable., line art only, no colour, no wash STYLE: ink and watercolour on aged parchment. Loose confident pen line, wet bleeding washes with visible grain and hard edges where the water dried. Palette: raw sienna, burnt umber, ochre, warm grey, with sparing indigo and a single warm gold accent. Muted, aged, hand-made. Generous empty parchment. Cinematic 16:9, 1920x1080.","no text, no letters, no writing, no numerals, no calligraphy, no signature, no watermark, no human face, no facial features, no portrait, no photoreal skin, no 3D render, no digital gloss, no lens flare, no modern objects, no crosses, no church architecture, no menorah, no Star of David.",16:9,S040-line.png
S040-wash,S040,S040,wash,ACT 2 — EARLY MECCAN,11:00,"Then, according to most accounts, nothing.","An empty sky. Nothing else in frame but a wash gradient from pale at the horizon to deeper above, and a single tiny bird high up. Hold 8s. Let it be uncomfortable. STYLE: ink and watercolour on aged parchment. Loose confident pen line, wet bleeding washes with visible grain and hard edges where the water dried. Palette: raw sienna, burnt umber, ochre, warm grey, with sparing indigo and a single warm gold accent. Muted, aged, hand-made. Generous empty parchment. Cinematic 16:9, 1920x1080.","no text, no letters, no writing, no numerals, no calligraphy, no signature, no watermark, no human face, no facial features, no portrait, no photoreal skin, no 3D render, no digital gloss, no lens flare, no modern objects, no crosses, no church architecture, no menorah, no Star of David.",16:9,S040-wash.png
S041-line,S041,S041,line,ACT 2 — EARLY MECCAN,11:22,he came down the mountain shaking and asked to be covered,"A heavy woollen blanket bunched on a floor, still shaped by a body, seen from above. Dim interior light. No figure., line art only, no colour, no wash STYLE: ink and watercolour on aged parchment. Loose confident pen line, wet bleeding washes with visible grain and hard edges where the water dried. Palette: raw sienna, burnt umber, ochre, warm grey, with sparing indigo and a single warm gold accent. Muted, aged, hand-made. Generous empty parchment. Cinematic 16:9, 1920x1080.","no text, no letters, no writing, no numerals, no calligraphy, no signature, no watermark, no human face, no facial features, no portrait, no photoreal skin, no 3D render, no digital gloss, no lens flare, no modern objects, no crosses, no church architecture, no menorah, no Star of David.",16:9,S041-line.png
S041-wash,S041,S041,wash,ACT 2 — EARLY MECCAN,11:22,he came down the mountain shaking and asked to be covered,"A heavy woollen blanket bunched on a floor, still shaped by a body, seen from above. Dim interior light. No figure. STYLE: ink and watercolour on aged parchment. Loose confident pen line, wet bleeding washes with visible grain and hard edges where the water dried. Palette: raw sienna, burnt umber, ochre, warm grey, with sparing indigo and a single warm gold accent. Muted, aged, hand-made. Generous empty parchment. Cinematic 16:9, 1920x1080.","no text, no letters, no writing, no numerals, no calligraphy, no signature, no watermark, no human face, no facial features, no portrait, no photoreal skin, no 3D render, no digital gloss, no lens flare, no modern objects, no crosses, no church architecture, no menorah, no Star of David.",16:9,S041-wash.png
S043-line,S043,S043,line,ACT 2 — EARLY MECCAN,12:12,"arise, and warn","An empty doorway from inside a dark room, opening onto hard white daylight. The threshold is the brightest thing in frame., line art only, no colour, no wash STYLE: ink and watercolour on aged parchment. Loose confident pen line, wet bleeding washes with visible grain and hard edges where the water dried. Palette: raw sienna, burnt umber, ochre, warm grey, with sparing indigo and a single warm gold accent. Muted, aged, hand-made. Generous empty parchment. Cinematic 16:9, 1920x1080.","no text, no letters, no writing, no numerals, no calligraphy, no signature, no watermark, no human face, no facial features, no portrait, no photoreal skin, no 3D render, no digital gloss, no lens flare, no modern objects, no crosses, no church architecture, no menorah, no Star of David.",16:9,S043-line.png
S043-wash,S043,S043,wash,ACT 2 — EARLY MECCAN,12:12,"arise, and warn","An empty doorway from inside a dark room, opening onto hard white daylight. The threshold is the brightest thing in frame. STYLE: ink and watercolour on aged parchment. Loose confident pen line, wet bleeding washes with visible grain and hard edges where the water dried. Palette: raw sienna, burnt umber, ochre, warm grey, with sparing indigo and a single warm gold accent. Muted, aged, hand-made. Generous empty parchment. Cinematic 16:9, 1920x1080.","no text, no letters, no writing, no numerals, no calligraphy, no signature, no watermark, no human face, no facial features, no portrait, no photoreal skin, no 3D render, no digital gloss, no lens flare, no modern objects, no crosses, no church architecture, no menorah, no Star of David.",16:9,S043-wash.png
S044-line,S044,S044,line,ACT 2 — EARLY MECCAN,12:34,"stand at night, but not all night","A small oil lamp on a floor, one flame, the room around it going to deep indigo. A prayer mat edge just catching the light., line art only, no colour, no wash STYLE: ink and watercolour on aged parchment. Loose confident pen line, wet bleeding washes with visible grain and hard edges where the water dried. Palette: raw sienna, burnt umber, ochre, warm grey, with sparing indigo and a single warm gold accent. Muted, aged, hand-made. Generous empty parchment. Cinematic 16:9, 1920x1080.","no text, no letters, no writing, no numerals, no calligraphy, no signature, no watermark, no human face, no facial features, no portrait, no photoreal skin, no 3D render, no digital gloss, no lens flare, no modern objects, no crosses, no church architecture, no menorah, no Star of David.",16:9,S044-line.png
S044-wash,S044,S044,wash,ACT 2 — EARLY MECCAN,12:34,"stand at night, but not all night","A small oil lamp on a floor, one flame, the room around it going to deep indigo. A prayer mat edge just catching the light. STYLE: ink and watercolour on aged parchment. Loose confident pen line, wet bleeding washes with visible grain and hard edges where the water dried. Palette: raw sienna, burnt umber, ochre, warm grey, with sparing indigo and a single warm gold accent. Muted, aged, hand-made. Generous empty parchment. Cinematic 16:9, 1920x1080.","no text, no letters, no writing, no numerals, no calligraphy, no signature, no watermark, no human face, no facial features, no portrait, no photoreal skin, no 3D render, no digital gloss, no lens flare, no modern objects, no crosses, no church architecture, no menorah, no Star of David.",16:9,S044-wash.png
S047-line,S047,S047,line,ACT 2 — EARLY MECCAN,13:18,"verses of three, four, six words","Six short ink strokes in a vertical column on parchment, each shorter than a thumb, evenly spaced. Rhythm as image. No letterforms., line art only, no colour, no wash STYLE: ink and watercolour on aged parchment. Loose confident pen line, wet bleeding washes with visible grain and hard edges where the water dried. Palette: raw sienna, burnt umber, ochre, warm grey, with sparing indigo and a single warm gold accent. Muted, aged, hand-made. Generous empty parchment. Cinematic 16:9, 1920x1080.","no text, no letters, no writing, no numerals, no calligraphy, no signature, no watermark, no human face, no facial features, no portrait, no photoreal skin, no 3D render, no digital gloss, no lens flare, no modern objects, no crosses, no church architecture, no menorah, no Star of David.",16:9,S047-line.png
S047-wash,S047,S047,wash,ACT 2 — EARLY MECCAN,13:18,"verses of three, four, six words","Six short ink strokes in a vertical column on parchment, each shorter than a thumb, evenly spaced. Rhythm as image. No letterforms. STYLE: ink and watercolour on aged parchment. Loose confident pen line, wet bleeding washes with visible grain and hard edges where the water dried. Palette: raw sienna, burnt umber, ochre, warm grey, with sparing indigo and a single warm gold accent. Muted, aged, hand-made. Generous empty parchment. Cinematic 16:9, 1920x1080.","no text, no letters, no writing, no numerals, no calligraphy, no signature, no watermark, no human face, no facial features, no portrait, no photoreal skin, no 3D render, no digital gloss, no lens flare, no modern objects, no crosses, no church architecture, no menorah, no Star of David.",16:9,S047-wash.png
S048-line,S048,S048,line,ACT 2 — EARLY MECCAN,13:34,carried by memory through a city that does not want to hear it,"A night street of mud-brick, one shuttered window with a thin line of lamplight escaping under it. Everything else dark indigo., line art only, no colour, no wash STYLE: ink and watercolour on aged parchment. Loose confident pen line, wet bleeding washes with visible grain and hard edges where the water dried. Palette: raw sienna, burnt umber, ochre, warm grey, with sparing indigo and a single warm gold accent. Muted, aged, hand-made. Generous empty parchment. Cinematic 16:9, 1920x1080.","no text, no letters, no writing, no numerals, no calligraphy, no signature, no watermark, no human face, no facial features, no portrait, no photoreal skin, no 3D render, no digital gloss, no lens flare, no modern objects, no crosses, no church architecture, no menorah, no Star of David.",16:9,S048-line.png
S048-wash,S048,S048,wash,ACT 2 — EARLY MECCAN,13:34,carried by memory through a city that does not want to hear it,"A night street of mud-brick, one shuttered window with a thin line of lamplight escaping under it. Everything else dark indigo. STYLE: ink and watercolour on aged parchment. Loose confident pen line, wet bleeding washes with visible grain and hard edges where the water dried. Palette: raw sienna, burnt umber, ochre, warm grey, with sparing indigo and a single warm gold accent. Muted, aged, hand-made. Generous empty parchment. Cinematic 16:9, 1920x1080.","no text, no letters, no writing, no numerals, no calligraphy, no signature, no watermark, no human face, no facial features, no portrait, no photoreal skin, no 3D render, no digital gloss, no lens flare, no modern objects, no crosses, no church architecture, no menorah, no Star of David.",16:9,S048-wash.png
S049-line,S049,S049,line,ACT 2 — EARLY MECCAN,13:56,when the sun is folded up,"A sun low and swollen on the horizon, the sky around it rendered as a wash being physically pulled or rolled at one corner. Surreal, restrained., line art only, no colour, no wash STYLE: ink and watercolour on aged parchment. Loose confident pen line, wet bleeding washes with visible grain and hard edges where the water dried. Palette: raw sienna, burnt umber, ochre, warm grey, with sparing indigo and a single warm gold accent. Muted, aged, hand-made. Generous empty parchment. Cinematic 16:9, 1920x1080.","no text, no letters, no writing, no numerals, no calligraphy, no signature, no watermark, no human face, no facial features, no portrait, no photoreal skin, no 3D render, no digital gloss, no lens flare, no modern objects, no crosses, no church architecture, no menorah, no Star of David.",16:9,S049-line.png
S049-wash,S049,S049,wash,ACT 2 — EARLY MECCAN,13:56,when the sun is folded up,"A sun low and swollen on the horizon, the sky around it rendered as a wash being physically pulled or rolled at one corner. Surreal, restrained. STYLE: ink and watercolour on aged parchment. Loose confident pen line, wet bleeding washes with visible grain and hard edges where the water dried. Palette: raw sienna, burnt umber, ochre, warm grey, with sparing indigo and a single warm gold accent. Muted, aged, hand-made. Generous empty parchment. Cinematic 16:9, 1920x1080.","no text, no letters, no writing, no numerals, no calligraphy, no signature, no watermark, no human face, no facial features, no portrait, no photoreal skin, no 3D render, no digital gloss, no lens flare, no modern objects, no crosses, no church architecture, no menorah, no Star of David.",16:9,S049-wash.png
S050-line,S050,S050,line,ACT 2 — EARLY MECCAN,14:16,a man who spent his life counting his wealth,"A heap of small coins on a table, and beside it a set of scales with one empty pan hanging lower than the full one. No hands., line art only, no colour, no wash STYLE: ink and watercolour on aged parchment. Loose confident pen line, wet bleeding washes with visible grain and hard edges where the water dried. Palette: raw sienna, burnt umber, ochre, warm grey, with sparing indigo and a single warm gold accent. Muted, aged, hand-made. Generous empty parchment. Cinematic 16:9, 1920x1080.","no text, no letters, no writing, no numerals, no calligraphy, no signature, no watermark, no human face, no facial features, no portrait, no photoreal skin, no 3D render, no digital gloss, no lens flare, no modern objects, no crosses, no church architecture, no menorah, no Star of David.",16:9,S050-line.png
S050-wash,S050,S050,wash,ACT 2 — EARLY MECCAN,14:16,a man who spent his life counting his wealth,"A heap of small coins on a table, and beside it a set of scales with one empty pan hanging lower than the full one. No hands. STYLE: ink and watercolour on aged parchment. Loose confident pen line, wet bleeding washes with visible grain and hard edges where the water dried. Palette: raw sienna, burnt umber, ochre, warm grey, with sparing indigo and a single warm gold accent. Muted, aged, hand-made. Generous empty parchment. Cinematic 16:9, 1920x1080.","no text, no letters, no writing, no numerals, no calligraphy, no signature, no watermark, no human face, no facial features, no portrait, no photoreal skin, no 3D render, no digital gloss, no lens flare, no modern objects, no crosses, no church architecture, no menorah, no Star of David.",16:9,S050-wash.png
S051-line,S051,S051,line,ACT 2 — EARLY MECCAN,14:36,The orphan you pushed away,"A child's small worn sandal alone on a doorstep, and the door shut. Warm dust. No child in frame., line art only, no colour, no wash STYLE: ink and watercolour on aged parchment. Loose confident pen line, wet bleeding washes with visible grain and hard edges where the water dried. Palette: raw sienna, burnt umber, ochre, warm grey, with sparing indigo and a single warm gold accent. Muted, aged, hand-made. Generous empty parchment. Cinematic 16:9, 1920x1080.","no text, no letters, no writing, no numerals, no calligraphy, no signature, no watermark, no human face, no facial features, no portrait, no photoreal skin, no 3D render, no digital gloss, no lens flare, no modern objects, no crosses, no church architecture, no menorah, no Star of David.",16:9,S051-line.png
S051-wash,S051,S051,wash,ACT 2 — EARLY MECCAN,14:36,The orphan you pushed away,"A child's small worn sandal alone on a doorstep, and the door shut. Warm dust. No child in frame. STYLE: ink and watercolour on aged parchment. Loose confident pen line, wet bleeding washes with visible grain and hard edges where the water dried. Palette: raw sienna, burnt umber, ochre, warm grey, with sparing indigo and a single warm gold accent. Muted, aged, hand-made. Generous empty parchment. Cinematic 16:9, 1920x1080.","no text, no letters, no writing, no numerals, no calligraphy, no signature, no watermark, no human face, no facial features, no portrait, no photoreal skin, no 3D render, no digital gloss, no lens flare, no modern objects, no crosses, no church architecture, no menorah, no Star of David.",16:9,S051-wash.png
S052-line,S052,S052,line,ACT 2 — EARLY MECCAN,14:52,two roads and a steep one,"A dry valley where a path forks: one broad and level running out of frame right, one narrow and climbing steeply left into rock. Drawn from above., line art only, no colour, no wash STYLE: ink and watercolour on aged parchment. Loose confident pen line, wet bleeding washes with visible grain and hard edges where the water dried. Palette: raw sienna, burnt umber, ochre, warm grey, with sparing indigo and a single warm gold accent. Muted, aged, hand-made. Generous empty parchment. Cinematic 16:9, 1920x1080.","no text, no letters, no writing, no numerals, no calligraphy, no signature, no watermark, no human face, no facial features, no portrait, no photoreal skin, no 3D render, no digital gloss, no lens flare, no modern objects, no crosses, no church architecture, no menorah, no Star of David.",16:9,S052-line.png
S052-wash,S052,S052,wash,ACT 2 — EARLY MECCAN,14:52,two roads and a steep one,"A dry valley where a path forks: one broad and level running out of frame right, one narrow and climbing steeply left into rock. Drawn from above. STYLE: ink and watercolour on aged parchment. Loose confident pen line, wet bleeding washes with visible grain and hard edges where the water dried. Palette: raw sienna, burnt umber, ochre, warm grey, with sparing indigo and a single warm gold accent. Muted, aged, hand-made. Generous empty parchment. Cinematic 16:9, 1920x1080.","no text, no letters, no writing, no numerals, no calligraphy, no signature, no watermark, no human face, no facial features, no portrait, no photoreal skin, no 3D render, no digital gloss, no lens flare, no modern objects, no crosses, no church architecture, no menorah, no Star of David.",16:9,S052-wash.png
S053-line,S053,S053,line,ACT 2 — EARLY MECCAN,15:16,Al-Masad. It is about one specific man.,"A single dead branch, bark stripped, lying on pale ground. Harsh directional light, hard shadow., line art only, no colour, no wash STYLE: ink and watercolour on aged parchment. Loose confident pen line, wet bleeding washes with visible grain and hard edges where the water dried. Palette: raw sienna, burnt umber, ochre, warm grey, with sparing indigo and a single warm gold accent. Muted, aged, hand-made. Generous empty parchment. Cinematic 16:9, 1920x1080.","no text, no letters, no writing, no numerals, no calligraphy, no signature, no watermark, no human face, no facial features, no portrait, no photoreal skin, no 3D render, no digital gloss, no lens flare, no modern objects, no crosses, no church architecture, no menorah, no Star of David.",16:9,S053-line.png
S053-wash,S053,S053,wash,ACT 2 — EARLY MECCAN,15:16,Al-Masad. It is about one specific man.,"A single dead branch, bark stripped, lying on pale ground. Harsh directional light, hard shadow. STYLE: ink and watercolour on aged parchment. Loose confident pen line, wet bleeding washes with visible grain and hard edges where the water dried. Palette: raw sienna, burnt umber, ochre, warm grey, with sparing indigo and a single warm gold accent. Muted, aged, hand-made. Generous empty parchment. Cinematic 16:9, 1920x1080.","no text, no letters, no writing, no numerals, no calligraphy, no signature, no watermark, no human face, no facial features, no portrait, no photoreal skin, no 3D render, no digital gloss, no lens flare, no modern objects, no crosses, no church architecture, no menorah, no Star of David.",16:9,S053-wash.png
S054-line,S054,S054,line,ACT 2 — EARLY MECCAN,15:38,his sons had died in infancy,"Two very small mounds of earth side by side on open ground, unmarked, with a third space beside them. Distant, low horizon, no figure., line art only, no colour, no wash STYLE: ink and watercolour on aged parchment. Loose confident pen line, wet bleeding washes with visible grain and hard edges where the water dried. Palette: raw sienna, burnt umber, ochre, warm grey, with sparing indigo and a single warm gold accent. Muted, aged, hand-made. Generous empty parchment. Cinematic 16:9, 1920x1080.","no text, no letters, no writing, no numerals, no calligraphy, no signature, no watermark, no human face, no facial features, no portrait, no photoreal skin, no 3D render, no digital gloss, no lens flare, no modern objects, no crosses, no church architecture, no menorah, no Star of David.",16:9,S054-line.png
S054-wash,S054,S054,wash,ACT 2 — EARLY MECCAN,15:38,his sons had died in infancy,"Two very small mounds of earth side by side on open ground, unmarked, with a third space beside them. Distant, low horizon, no figure. STYLE: ink and watercolour on aged parchment. Loose confident pen line, wet bleeding washes with visible grain and hard edges where the water dried. Palette: raw sienna, burnt umber, ochre, warm grey, with sparing indigo and a single warm gold accent. Muted, aged, hand-made. Generous empty parchment. Cinematic 16:9, 1920x1080.","no text, no letters, no writing, no numerals, no calligraphy, no signature, no watermark, no human face, no facial features, no portrait, no photoreal skin, no 3D render, no digital gloss, no lens flare, no modern objects, no crosses, no church architecture, no menorah, no Star of David.",16:9,S054-wash.png
S057-line,S057,S057,line,ACT 2 — EARLY MECCAN,16:26,the hot stones of the valley floor,"Cracked sun-bleached stones filling the frame, heat shimmer suggested by a broken wash at the top edge. One large flat rock at centre. Nothing else., line art only, no colour, no wash STYLE: ink and watercolour on aged parchment. Loose confident pen line, wet bleeding washes with visible grain and hard edges where the water dried. Palette: raw sienna, burnt umber, ochre, warm grey, with sparing indigo and a single warm gold accent. Muted, aged, hand-made. Generous empty parchment. Cinematic 16:9, 1920x1080.","no text, no letters, no writing, no numerals, no calligraphy, no signature, no watermark, no human face, no facial features, no portrait, no photoreal skin, no 3D render, no digital gloss, no lens flare, no modern objects, no crosses, no church architecture, no menorah, no Star of David.",16:9,S057-line.png
S057-wash,S057,S057,wash,ACT 2 — EARLY MECCAN,16:26,the hot stones of the valley floor,"Cracked sun-bleached stones filling the frame, heat shimmer suggested by a broken wash at the top edge. One large flat rock at centre. Nothing else. STYLE: ink and watercolour on aged parchment. Loose confident pen line, wet bleeding washes with visible grain and hard edges where the water dried. Palette: raw sienna, burnt umber, ochre, warm grey, with sparing indigo and a single warm gold accent. Muted, aged, hand-made. Generous empty parchment. Cinematic 16:9, 1920x1080.","no text, no letters, no writing, no numerals, no calligraphy, no signature, no watermark, no human face, no facial features, no portrait, no photoreal skin, no 3D render, no digital gloss, no lens flare, no modern objects, no crosses, no church architecture, no menorah, no Star of David.",16:9,S057-wash.png
S058-line,S058,S058,line,ACT 2 — EARLY MECCAN,16:52,the first person to die for this,"A single small stone set upright in bare ground, and a long shadow. Wide empty frame. Restraint is the whole instruction here — no violence depicted., line art only, no colour, no wash STYLE: ink and watercolour on aged parchment. Loose confident pen line, wet bleeding washes with visible grain and hard edges where the water dried. Palette: raw sienna, burnt umber, ochre, warm grey, with sparing indigo and a single warm gold accent. Muted, aged, hand-made. Generous empty parchment. Cinematic 16:9, 1920x1080.","no text, no letters, no writing, no numerals, no calligraphy, no signature, no watermark, no human face, no facial features, no portrait, no photoreal skin, no 3D render, no digital gloss, no lens flare, no modern objects, no crosses, no church architecture, no menorah, no Star of David.",16:9,S058-line.png
S058-wash,S058,S058,wash,ACT 2 — EARLY MECCAN,16:52,the first person to die for this,"A single small stone set upright in bare ground, and a long shadow. Wide empty frame. Restraint is the whole instruction here — no violence depicted. STYLE: ink and watercolour on aged parchment. Loose confident pen line, wet bleeding washes with visible grain and hard edges where the water dried. Palette: raw sienna, burnt umber, ochre, warm grey, with sparing indigo and a single warm gold accent. Muted, aged, hand-made. Generous empty parchment. Cinematic 16:9, 1920x1080.","no text, no letters, no writing, no numerals, no calligraphy, no signature, no watermark, no human face, no facial features, no portrait, no photoreal skin, no 3D render, no digital gloss, no lens flare, no modern objects, no crosses, no church architecture, no menorah, no Star of David.",16:9,S058-wash.png
S059-line,S059,S059,line,ACT 2 — EARLY MECCAN,17:12,the mountains will be like carded wool,"A mountain ridge whose upper half dissolves into loose floating fibres of wool-white wash, drifting off the peak., line art only, no colour, no wash STYLE: ink and watercolour on aged parchment. Loose confident pen line, wet bleeding washes with visible grain and hard edges where the water dried. Palette: raw sienna, burnt umber, ochre, warm grey, with sparing indigo and a single warm gold accent. Muted, aged, hand-made. Generous empty parchment. Cinematic 16:9, 1920x1080.","no text, no letters, no writing, no numerals, no calligraphy, no signature, no watermark, no human face, no facial features, no portrait, no photoreal skin, no 3D render, no digital gloss, no lens flare, no modern objects, no crosses, no church architecture, no menorah, no Star of David.",16:9,S059-line.png
S059-wash,S059,S059,wash,ACT 2 — EARLY MECCAN,17:12,the mountains will be like carded wool,"A mountain ridge whose upper half dissolves into loose floating fibres of wool-white wash, drifting off the peak. STYLE: ink and watercolour on aged parchment. Loose confident pen line, wet bleeding washes with visible grain and hard edges where the water dried. Palette: raw sienna, burnt umber, ochre, warm grey, with sparing indigo and a single warm gold accent. Muted, aged, hand-made. Generous empty parchment. Cinematic 16:9, 1920x1080.","no text, no letters, no writing, no numerals, no calligraphy, no signature, no watermark, no human face, no facial features, no portrait, no photoreal skin, no 3D render, no digital gloss, no lens flare, no modern objects, no crosses, no church architecture, no menorah, no Star of David.",16:9,S059-wash.png
S062-line,S062,S062,line,ACT 3 — MIDDLE MECCAN,17:58,"sustained narrative. Stories, with scenes.","A long unrolled scroll running from the bottom-left corner to the top-right, blank, its length the subject. Warm raking light along its curl., line art only, no colour, no wash STYLE: ink and watercolour on aged parchment. Loose confident pen line, wet bleeding washes with visible grain and hard edges where the water dried. Palette: raw sienna, burnt umber, ochre, warm grey, with sparing indigo and a single warm gold accent. Muted, aged, hand-made. Generous empty parchment. Cinematic 16:9, 1920x1080.","no text, no letters, no writing, no numerals, no calligraphy, no signature, no watermark, no human face, no facial features, no portrait, no photoreal skin, no 3D render, no digital gloss, no lens flare, no modern objects, no crosses, no church architecture, no menorah, no Star of David.",16:9,S062-line.png
S062-wash,S062,S062,wash,ACT 3 — MIDDLE MECCAN,17:58,"sustained narrative. Stories, with scenes.","A long unrolled scroll running from the bottom-left corner to the top-right, blank, its length the subject. Warm raking light along its curl. STYLE: ink and watercolour on aged parchment. Loose confident pen line, wet bleeding washes with visible grain and hard edges where the water dried. Palette: raw sienna, burnt umber, ochre, warm grey, with sparing indigo and a single warm gold accent. Muted, aged, hand-made. Generous empty parchment. Cinematic 16:9, 1920x1080.","no text, no letters, no writing, no numerals, no calligraphy, no signature, no watermark, no human face, no facial features, no portrait, no photoreal skin, no 3D render, no digital gloss, no lens flare, no modern objects, no crosses, no church architecture, no menorah, no Star of David.",16:9,S062-wash.png
S064-line,S064,S064,line,ACT 3 — MIDDLE MECCAN,18:26,Musa in front of Pharaoh,"A vast hypostyle hall of painted columns receding into darkness, floor empty. Scale as intimidation. No figures at all., line art only, no colour, no wash STYLE: ink and watercolour on aged parchment. Loose confident pen line, wet bleeding washes with visible grain and hard edges where the water dried. Palette: raw sienna, burnt umber, ochre, warm grey, with sparing indigo and a single warm gold accent. Muted, aged, hand-made. Generous empty parchment. Cinematic 16:9, 1920x1080.","no text, no letters, no writing, no numerals, no calligraphy, no signature, no watermark, no human face, no facial features, no portrait, no photoreal skin, no 3D render, no digital gloss, no lens flare, no modern objects, no crosses, no church architecture, no menorah, no Star of David.",16:9,S064-line.png
S064-wash,S064,S064,wash,ACT 3 — MIDDLE MECCAN,18:26,Musa in front of Pharaoh,"A vast hypostyle hall of painted columns receding into darkness, floor empty. Scale as intimidation. No figures at all. STYLE: ink and watercolour on aged parchment. Loose confident pen line, wet bleeding washes with visible grain and hard edges where the water dried. Palette: raw sienna, burnt umber, ochre, warm grey, with sparing indigo and a single warm gold accent. Muted, aged, hand-made. Generous empty parchment. Cinematic 16:9, 1920x1080.","no text, no letters, no writing, no numerals, no calligraphy, no signature, no watermark, no human face, no facial features, no portrait, no photoreal skin, no 3D render, no digital gloss, no lens flare, no modern objects, no crosses, no church architecture, no menorah, no Star of David.",16:9,S064-wash.png
S065-line,S065,S065,line,ACT 3 — MIDDLE MECCAN,18:44,Ibrahim asking his father why he is worshipping something he carved,"A workshop floor: wood shavings, a mallet, a chisel, and an unfinished carved block whose form is deliberately unresolved — no face, no idol readable as a deity. Just worked wood., line art only, no colour, no wash STYLE: ink and watercolour on aged parchment. Loose confident pen line, wet bleeding washes with visible grain and hard edges where the water dried. Palette: raw sienna, burnt umber, ochre, warm grey, with sparing indigo and a single warm gold accent. Muted, aged, hand-made. Generous empty parchment. Cinematic 16:9, 1920x1080.","no text, no letters, no writing, no numerals, no calligraphy, no signature, no watermark, no human face, no facial features, no portrait, no photoreal skin, no 3D render, no digital gloss, no lens flare, no modern objects, no crosses, no church architecture, no menorah, no Star of David.",16:9,S065-line.png
S065-wash,S065,S065,wash,ACT 3 — MIDDLE MECCAN,18:44,Ibrahim asking his father why he is worshipping something he carved,"A workshop floor: wood shavings, a mallet, a chisel, and an unfinished carved block whose form is deliberately unresolved — no face, no idol readable as a deity. Just worked wood. STYLE: ink and watercolour on aged parchment. Loose confident pen line, wet bleeding washes with visible grain and hard edges where the water dried. Palette: raw sienna, burnt umber, ochre, warm grey, with sparing indigo and a single warm gold accent. Muted, aged, hand-made. Generous empty parchment. Cinematic 16:9, 1920x1080.","no text, no letters, no writing, no numerals, no calligraphy, no signature, no watermark, no human face, no facial features, no portrait, no photoreal skin, no 3D render, no digital gloss, no lens flare, no modern objects, no crosses, no church architecture, no menorah, no Star of David.",16:9,S065-wash.png
S066-line,S066,S066,line,ACT 3 — MIDDLE MECCAN,19:02,Nuh building in the middle of nowhere,"A partial wooden hull frame standing in dry cracked earth, far from any water, ribs open to the sky. Small in a very wide frame., line art only, no colour, no wash STYLE: ink and watercolour on aged parchment. Loose confident pen line, wet bleeding washes with visible grain and hard edges where the water dried. Palette: raw sienna, burnt umber, ochre, warm grey, with sparing indigo and a single warm gold accent. Muted, aged, hand-made. Generous empty parchment. Cinematic 16:9, 1920x1080.","no text, no letters, no writing, no numerals, no calligraphy, no signature, no watermark, no human face, no facial features, no portrait, no photoreal skin, no 3D render, no digital gloss, no lens flare, no modern objects, no crosses, no church architecture, no menorah, no Star of David.",16:9,S066-line.png
S066-wash,S066,S066,wash,ACT 3 — MIDDLE MECCAN,19:02,Nuh building in the middle of nowhere,"A partial wooden hull frame standing in dry cracked earth, far from any water, ribs open to the sky. Small in a very wide frame. STYLE: ink and watercolour on aged parchment. Loose confident pen line, wet bleeding washes with visible grain and hard edges where the water dried. Palette: raw sienna, burnt umber, ochre, warm grey, with sparing indigo and a single warm gold accent. Muted, aged, hand-made. Generous empty parchment. Cinematic 16:9, 1920x1080.","no text, no letters, no writing, no numerals, no calligraphy, no signature, no watermark, no human face, no facial features, no portrait, no photoreal skin, no 3D render, no digital gloss, no lens flare, no modern objects, no crosses, no church architecture, no menorah, no Star of David.",16:9,S066-wash.png
S067-line,S067,S067,line,ACT 3 — MIDDLE MECCAN,19:20,the best of narrations,"A well seen from directly above — a perfect dark circle in pale stone, a rope going down into it. (Yusuf, without depicting him.), line art only, no colour, no wash STYLE: ink and watercolour on aged parchment. Loose confident pen line, wet bleeding washes with visible grain and hard edges where the water dried. Palette: raw sienna, burnt umber, ochre, warm grey, with sparing indigo and a single warm gold accent. Muted, aged, hand-made. Generous empty parchment. Cinematic 16:9, 1920x1080.","no text, no letters, no writing, no numerals, no calligraphy, no signature, no watermark, no human face, no facial features, no portrait, no photoreal skin, no 3D render, no digital gloss, no lens flare, no modern objects, no crosses, no church architecture, no menorah, no Star of David.",16:9,S067-line.png
S067-wash,S067,S067,wash,ACT 3 — MIDDLE MECCAN,19:20,the best of narrations,"A well seen from directly above — a perfect dark circle in pale stone, a rope going down into it. (Yusuf, without depicting him.) STYLE: ink and watercolour on aged parchment. Loose confident pen line, wet bleeding washes with visible grain and hard edges where the water dried. Palette: raw sienna, burnt umber, ochre, warm grey, with sparing indigo and a single warm gold accent. Muted, aged, hand-made. Generous empty parchment. Cinematic 16:9, 1920x1080.","no text, no letters, no writing, no numerals, no calligraphy, no signature, no watermark, no human face, no facial features, no portrait, no photoreal skin, no 3D render, no digital gloss, no lens flare, no modern objects, no crosses, no church architecture, no menorah, no Star of David.",16:9,S067-wash.png
S069-line,S069,S069,line,ACT 3 — MIDDLE MECCAN,20:02,cross the Red Sea to seek refuge,"A small wooden boat on open water seen from a great height, wake behind it, land as a thin band at the top edge. The boat is tiny., line art only, no colour, no wash STYLE: ink and watercolour on aged parchment. Loose confident pen line, wet bleeding washes with visible grain and hard edges where the water dried. Palette: raw sienna, burnt umber, ochre, warm grey, with sparing indigo and a single warm gold accent. Muted, aged, hand-made. Generous empty parchment. Cinematic 16:9, 1920x1080.","no text, no letters, no writing, no numerals, no calligraphy, no signature, no watermark, no human face, no facial features, no portrait, no photoreal skin, no 3D render, no digital gloss, no lens flare, no modern objects, no crosses, no church architecture, no menorah, no Star of David.",16:9,S069-line.png
S069-wash,S069,S069,wash,ACT 3 — MIDDLE MECCAN,20:02,cross the Red Sea to seek refuge,"A small wooden boat on open water seen from a great height, wake behind it, land as a thin band at the top edge. The boat is tiny. STYLE: ink and watercolour on aged parchment. Loose confident pen line, wet bleeding washes with visible grain and hard edges where the water dried. Palette: raw sienna, burnt umber, ochre, warm grey, with sparing indigo and a single warm gold accent. Muted, aged, hand-made. Generous empty parchment. Cinematic 16:9, 1920x1080.","no text, no letters, no writing, no numerals, no calligraphy, no signature, no watermark, no human face, no facial features, no portrait, no photoreal skin, no 3D render, no digital gloss, no lens flare, no modern objects, no crosses, no church architecture, no menorah, no Star of David.",16:9,S069-wash.png
S070-line,S070,S070,line,ACT 3 — MIDDLE MECCAN,20:22,the case is argued in front of the throne,"An empty carved wooden chair on a raised stone dais in a tall bare hall, seen slightly off-axis. Ethiopian highland light — cooler, greener than Mecca., line art only, no colour, no wash STYLE: ink and watercolour on aged parchment. Loose confident pen line, wet bleeding washes with visible grain and hard edges where the water dried. Palette: raw sienna, burnt umber, ochre, warm grey, with sparing indigo and a single warm gold accent. Muted, aged, hand-made. Generous empty parchment. Cinematic 16:9, 1920x1080.","no text, no letters, no writing, no numerals, no calligraphy, no signature, no watermark, no human face, no facial features, no portrait, no photoreal skin, no 3D render, no digital gloss, no lens flare, no modern objects, no crosses, no church architecture, no menorah, no Star of David.",16:9,S070-line.png
S070-wash,S070,S070,wash,ACT 3 — MIDDLE MECCAN,20:22,the case is argued in front of the throne,"An empty carved wooden chair on a raised stone dais in a tall bare hall, seen slightly off-axis. Ethiopian highland light — cooler, greener than Mecca. STYLE: ink and watercolour on aged parchment. Loose confident pen line, wet bleeding washes with visible grain and hard edges where the water dried. Palette: raw sienna, burnt umber, ochre, warm grey, with sparing indigo and a single warm gold accent. Muted, aged, hand-made. Generous empty parchment. Cinematic 16:9, 1920x1080.","no text, no letters, no writing, no numerals, no calligraphy, no signature, no watermark, no human face, no facial features, no portrait, no photoreal skin, no 3D render, no digital gloss, no lens flare, no modern objects, no crosses, no church architecture, no menorah, no Star of David.",16:9,S070-wash.png
S071-line,S071,S071,line,ACT 3 — MIDDLE MECCAN,20:44,"four hundred miles away, in the one week it is needed","A hand-inked chart of the Red Sea with two points marked, a thin gold line between them. Chart, not map — visible ruling and compass rose., line art only, no colour, no wash STYLE: ink and watercolour on aged parchment. Loose confident pen line, wet bleeding washes with visible grain and hard edges where the water dried. Palette: raw sienna, burnt umber, ochre, warm grey, with sparing indigo and a single warm gold accent. Muted, aged, hand-made. Generous empty parchment. Cinematic 16:9, 1920x1080.","no text, no letters, no writing, no numerals, no calligraphy, no signature, no watermark, no human face, no facial features, no portrait, no photoreal skin, no 3D render, no digital gloss, no lens flare, no modern objects, no crosses, no church architecture, no menorah, no Star of David.",16:9,S071-line.png
S071-wash,S071,S071,wash,ACT 3 — MIDDLE MECCAN,20:44,"four hundred miles away, in the one week it is needed","A hand-inked chart of the Red Sea with two points marked, a thin gold line between them. Chart, not map — visible ruling and compass rose. STYLE: ink and watercolour on aged parchment. Loose confident pen line, wet bleeding washes with visible grain and hard edges where the water dried. Palette: raw sienna, burnt umber, ochre, warm grey, with sparing indigo and a single warm gold accent. Muted, aged, hand-made. Generous empty parchment. Cinematic 16:9, 1920x1080.","no text, no letters, no writing, no numerals, no calligraphy, no signature, no watermark, no human face, no facial features, no portrait, no photoreal skin, no 3D render, no digital gloss, no lens flare, no modern objects, no crosses, no church architecture, no menorah, no Star of David.",16:9,S071-wash.png
S072-line,S072,S072,line,ACT 3 — MIDDLE MECCAN,21:06,on his way to kill the Prophet,"A sword in its scabbard leaning against a mud-brick wall beside a closed door. Nobody holding it. Hard midday shadow., line art only, no colour, no wash STYLE: ink and watercolour on aged parchment. Loose confident pen line, wet bleeding washes with visible grain and hard edges where the water dried. Palette: raw sienna, burnt umber, ochre, warm grey, with sparing indigo and a single warm gold accent. Muted, aged, hand-made. Generous empty parchment. Cinematic 16:9, 1920x1080.","no text, no letters, no writing, no numerals, no calligraphy, no signature, no watermark, no human face, no facial features, no portrait, no photoreal skin, no 3D render, no digital gloss, no lens flare, no modern objects, no crosses, no church architecture, no menorah, no Star of David.",16:9,S072-line.png
S072-wash,S072,S072,wash,ACT 3 — MIDDLE MECCAN,21:06,on his way to kill the Prophet,"A sword in its scabbard leaning against a mud-brick wall beside a closed door. Nobody holding it. Hard midday shadow. STYLE: ink and watercolour on aged parchment. Loose confident pen line, wet bleeding washes with visible grain and hard edges where the water dried. Palette: raw sienna, burnt umber, ochre, warm grey, with sparing indigo and a single warm gold accent. Muted, aged, hand-made. Generous empty parchment. Cinematic 16:9, 1920x1080.","no text, no letters, no writing, no numerals, no calligraphy, no signature, no watermark, no human face, no facial features, no portrait, no photoreal skin, no 3D render, no digital gloss, no lens flare, no modern objects, no crosses, no church architecture, no menorah, no Star of David.",16:9,S072-wash.png
S073-line,S073,S073,line,ACT 3 — MIDDLE MECCAN,21:22,finds her reciting,"A doorway ajar with warm light spilling through the gap onto a dark floor, and a single parchment leaf on the ground just inside. No figures., line art only, no colour, no wash STYLE: ink and watercolour on aged parchment. Loose confident pen line, wet bleeding washes with visible grain and hard edges where the water dried. Palette: raw sienna, burnt umber, ochre, warm grey, with sparing indigo and a single warm gold accent. Muted, aged, hand-made. Generous empty parchment. Cinematic 16:9, 1920x1080.","no text, no letters, no writing, no numerals, no calligraphy, no signature, no watermark, no human face, no facial features, no portrait, no photoreal skin, no 3D render, no digital gloss, no lens flare, no modern objects, no crosses, no church architecture, no menorah, no Star of David.",16:9,S073-line.png
S073-wash,S073,S073,wash,ACT 3 — MIDDLE MECCAN,21:22,finds her reciting,"A doorway ajar with warm light spilling through the gap onto a dark floor, and a single parchment leaf on the ground just inside. No figures. STYLE: ink and watercolour on aged parchment. Loose confident pen line, wet bleeding washes with visible grain and hard edges where the water dried. Palette: raw sienna, burnt umber, ochre, warm grey, with sparing indigo and a single warm gold accent. Muted, aged, hand-made. Generous empty parchment. Cinematic 16:9, 1920x1080.","no text, no letters, no writing, no numerals, no calligraphy, no signature, no watermark, no human face, no facial features, no portrait, no photoreal skin, no 3D render, no digital gloss, no lens flare, no modern objects, no crosses, no church architecture, no menorah, no Star of David.",16:9,S073-wash.png
S074-line,S074,S074,line,ACT 3 — MIDDLE MECCAN,21:44,a slow squeeze,"A narrow rocky defile between two cliff walls, the passage at the bottom almost closed. Deep shadow, one strip of sky., line art only, no colour, no wash STYLE: ink and watercolour on aged parchment. Loose confident pen line, wet bleeding washes with visible grain and hard edges where the water dried. Palette: raw sienna, burnt umber, ochre, warm grey, with sparing indigo and a single warm gold accent. Muted, aged, hand-made. Generous empty parchment. Cinematic 16:9, 1920x1080.","no text, no letters, no writing, no numerals, no calligraphy, no signature, no watermark, no human face, no facial features, no portrait, no photoreal skin, no 3D render, no digital gloss, no lens flare, no modern objects, no crosses, no church architecture, no menorah, no Star of David.",16:9,S074-line.png
S074-wash,S074,S074,wash,ACT 3 — MIDDLE MECCAN,21:44,a slow squeeze,"A narrow rocky defile between two cliff walls, the passage at the bottom almost closed. Deep shadow, one strip of sky. STYLE: ink and watercolour on aged parchment. Loose confident pen line, wet bleeding washes with visible grain and hard edges where the water dried. Palette: raw sienna, burnt umber, ochre, warm grey, with sparing indigo and a single warm gold accent. Muted, aged, hand-made. Generous empty parchment. Cinematic 16:9, 1920x1080.","no text, no letters, no writing, no numerals, no calligraphy, no signature, no watermark, no human face, no facial features, no portrait, no photoreal skin, no 3D render, no digital gloss, no lens flare, no modern objects, no crosses, no church architecture, no menorah, no Star of David.",16:9,S074-wash.png
S075-line,S075,S075,line,ACT 3 — MIDDLE MECCAN,22:02,The reports describe people eating leaves,"A shallow clay bowl on bare ground containing a few dry leaves. Overhead light. Nothing else in frame. Hold., line art only, no colour, no wash STYLE: ink and watercolour on aged parchment. Loose confident pen line, wet bleeding washes with visible grain and hard edges where the water dried. Palette: raw sienna, burnt umber, ochre, warm grey, with sparing indigo and a single warm gold accent. Muted, aged, hand-made. Generous empty parchment. Cinematic 16:9, 1920x1080.","no text, no letters, no writing, no numerals, no calligraphy, no signature, no watermark, no human face, no facial features, no portrait, no photoreal skin, no 3D render, no digital gloss, no lens flare, no modern objects, no crosses, no church architecture, no menorah, no Star of David.",16:9,S075-line.png
S075-wash,S075,S075,wash,ACT 3 — MIDDLE MECCAN,22:02,The reports describe people eating leaves,"A shallow clay bowl on bare ground containing a few dry leaves. Overhead light. Nothing else in frame. Hold. STYLE: ink and watercolour on aged parchment. Loose confident pen line, wet bleeding washes with visible grain and hard edges where the water dried. Palette: raw sienna, burnt umber, ochre, warm grey, with sparing indigo and a single warm gold accent. Muted, aged, hand-made. Generous empty parchment. Cinematic 16:9, 1920x1080.","no text, no letters, no writing, no numerals, no calligraphy, no signature, no watermark, no human face, no facial features, no portrait, no photoreal skin, no 3D render, no digital gloss, no lens flare, no modern objects, no crosses, no church architecture, no menorah, no Star of David.",16:9,S075-wash.png
S076-line,S076,S076,line,ACT 4 — LATE MECCAN,22:16,Khadija dies,"An interior: two cushions on a floor beside a low table, one indented from long use, one smooth. A cold lamp. Nobody., line art only, no colour, no wash STYLE: ink and watercolour on aged parchment. Loose confident pen line, wet bleeding washes with visible grain and hard edges where the water dried. Palette: raw sienna, burnt umber, ochre, warm grey, with sparing indigo and a single warm gold accent. Muted, aged, hand-made. Generous empty parchment. Cinematic 16:9, 1920x1080.","no text, no letters, no writing, no numerals, no calligraphy, no signature, no watermark, no human face, no facial features, no portrait, no photoreal skin, no 3D render, no digital gloss, no lens flare, no modern objects, no crosses, no church architecture, no menorah, no Star of David.",16:9,S076-line.png
S076-wash,S076,S076,wash,ACT 4 — LATE MECCAN,22:16,Khadija dies,"An interior: two cushions on a floor beside a low table, one indented from long use, one smooth. A cold lamp. Nobody. STYLE: ink and watercolour on aged parchment. Loose confident pen line, wet bleeding washes with visible grain and hard edges where the water dried. Palette: raw sienna, burnt umber, ochre, warm grey, with sparing indigo and a single warm gold accent. Muted, aged, hand-made. Generous empty parchment. Cinematic 16:9, 1920x1080.","no text, no letters, no writing, no numerals, no calligraphy, no signature, no watermark, no human face, no facial features, no portrait, no photoreal skin, no 3D render, no digital gloss, no lens flare, no modern objects, no crosses, no church architecture, no menorah, no Star of David.",16:9,S076-wash.png
S077-line,S077,S077,line,ACT 4 — LATE MECCAN,22:40,"Abu Talib's protection stood in the way, and now it does not","A high mud-brick wall with a gap newly broken in it, rubble at the base, the landscape beyond visible through the breach., line art only, no colour, no wash STYLE: ink and watercolour on aged parchment. Loose confident pen line, wet bleeding washes with visible grain and hard edges where the water dried. Palette: raw sienna, burnt umber, ochre, warm grey, with sparing indigo and a single warm gold accent. Muted, aged, hand-made. Generous empty parchment. Cinematic 16:9, 1920x1080.","no text, no letters, no writing, no numerals, no calligraphy, no signature, no watermark, no human face, no facial features, no portrait, no photoreal skin, no 3D render, no digital gloss, no lens flare, no modern objects, no crosses, no church architecture, no menorah, no Star of David.",16:9,S077-line.png
S077-wash,S077,S077,wash,ACT 4 — LATE MECCAN,22:40,"Abu Talib's protection stood in the way, and now it does not","A high mud-brick wall with a gap newly broken in it, rubble at the base, the landscape beyond visible through the breach. STYLE: ink and watercolour on aged parchment. Loose confident pen line, wet bleeding washes with visible grain and hard edges where the water dried. Palette: raw sienna, burnt umber, ochre, warm grey, with sparing indigo and a single warm gold accent. Muted, aged, hand-made. Generous empty parchment. Cinematic 16:9, 1920x1080.","no text, no letters, no writing, no numerals, no calligraphy, no signature, no watermark, no human face, no facial features, no portrait, no photoreal skin, no 3D render, no digital gloss, no lens flare, no modern objects, no crosses, no church architecture, no menorah, no Star of David.",16:9,S077-wash.png
S079-line,S079,S079,line,ACT 4 — LATE MECCAN,23:12,driven out of it by a crowd throwing stones,"A dirt road leading away from a walled town, scattered stones on it, and a single set of footprints going out. Dusk. No figure., line art only, no colour, no wash STYLE: ink and watercolour on aged parchment. Loose confident pen line, wet bleeding washes with visible grain and hard edges where the water dried. Palette: raw sienna, burnt umber, ochre, warm grey, with sparing indigo and a single warm gold accent. Muted, aged, hand-made. Generous empty parchment. Cinematic 16:9, 1920x1080.","no text, no letters, no writing, no numerals, no calligraphy, no signature, no watermark, no human face, no facial features, no portrait, no photoreal skin, no 3D render, no digital gloss, no lens flare, no modern objects, no crosses, no church architecture, no menorah, no Star of David.",16:9,S079-line.png
S079-wash,S079,S079,wash,ACT 4 — LATE MECCAN,23:12,driven out of it by a crowd throwing stones,"A dirt road leading away from a walled town, scattered stones on it, and a single set of footprints going out. Dusk. No figure. STYLE: ink and watercolour on aged parchment. Loose confident pen line, wet bleeding washes with visible grain and hard edges where the water dried. Palette: raw sienna, burnt umber, ochre, warm grey, with sparing indigo and a single warm gold accent. Muted, aged, hand-made. Generous empty parchment. Cinematic 16:9, 1920x1080.","no text, no letters, no writing, no numerals, no calligraphy, no signature, no watermark, no human face, no facial features, no portrait, no photoreal skin, no 3D render, no digital gloss, no lens flare, no modern objects, no crosses, no church architecture, no menorah, no Star of David.",16:9,S079-wash.png
S080-line,S080,S080,line,ACT 4 — LATE MECCAN,23:34,a journey by night,"A night sky of deep indigo over a dark landscape, one pale road of light running from the lower edge toward the horizon. Abstract, not literal. Depict no ascent, no figure, no Buraq., line art only, no colour, no wash STYLE: ink and watercolour on aged parchment. Loose confident pen line, wet bleeding washes with visible grain and hard edges where the water dried. Palette: raw sienna, burnt umber, ochre, warm grey, with sparing indigo and a single warm gold accent. Muted, aged, hand-made. Generous empty parchment. Cinematic 16:9, 1920x1080.","no text, no letters, no writing, no numerals, no calligraphy, no signature, no watermark, no human face, no facial features, no portrait, no photoreal skin, no 3D render, no digital gloss, no lens flare, no modern objects, no crosses, no church architecture, no menorah, no Star of David.",16:9,S080-line.png
S080-wash,S080,S080,wash,ACT 4 — LATE MECCAN,23:34,a journey by night,"A night sky of deep indigo over a dark landscape, one pale road of light running from the lower edge toward the horizon. Abstract, not literal. Depict no ascent, no figure, no Buraq. STYLE: ink and watercolour on aged parchment. Loose confident pen line, wet bleeding washes with visible grain and hard edges where the water dried. Palette: raw sienna, burnt umber, ochre, warm grey, with sparing indigo and a single warm gold accent. Muted, aged, hand-made. Generous empty parchment. Cinematic 16:9, 1920x1080.","no text, no letters, no writing, no numerals, no calligraphy, no signature, no watermark, no human face, no facial features, no portrait, no photoreal skin, no 3D render, no digital gloss, no lens flare, no modern objects, no crosses, no church architecture, no menorah, no Star of David.",16:9,S080-wash.png
S082-line,S082,S082,line,ACT 4 — LATE MECCAN,24:18,the five daily prayers,"Five prayer mats laid in a row on a stone floor, evenly spaced, empty, warm light crossing them at an angle., line art only, no colour, no wash STYLE: ink and watercolour on aged parchment. Loose confident pen line, wet bleeding washes with visible grain and hard edges where the water dried. Palette: raw sienna, burnt umber, ochre, warm grey, with sparing indigo and a single warm gold accent. Muted, aged, hand-made. Generous empty parchment. Cinematic 16:9, 1920x1080.","no text, no letters, no writing, no numerals, no calligraphy, no signature, no watermark, no human face, no facial features, no portrait, no photoreal skin, no 3D render, no digital gloss, no lens flare, no modern objects, no crosses, no church architecture, no menorah, no Star of David.",16:9,S082-line.png
S082-wash,S082,S082,wash,ACT 4 — LATE MECCAN,24:18,the five daily prayers,"Five prayer mats laid in a row on a stone floor, evenly spaced, empty, warm light crossing them at an angle. STYLE: ink and watercolour on aged parchment. Loose confident pen line, wet bleeding washes with visible grain and hard edges where the water dried. Palette: raw sienna, burnt umber, ochre, warm grey, with sparing indigo and a single warm gold accent. Muted, aged, hand-made. Generous empty parchment. Cinematic 16:9, 1920x1080.","no text, no letters, no writing, no numerals, no calligraphy, no signature, no watermark, no human face, no facial features, no portrait, no photoreal skin, no 3D render, no digital gloss, no lens flare, no modern objects, no crosses, no church architecture, no menorah, no Star of David.",16:9,S082-wash.png
S085-line,S085,S085,line,ACT 4 — LATE MECCAN,25:20,"a dated, checkable, falsifiable prediction","A pair of brass scales, and beside them a stack of coins wagered on a flat stone. Chart-like ruling in the background., line art only, no colour, no wash STYLE: ink and watercolour on aged parchment. Loose confident pen line, wet bleeding washes with visible grain and hard edges where the water dried. Palette: raw sienna, burnt umber, ochre, warm grey, with sparing indigo and a single warm gold accent. Muted, aged, hand-made. Generous empty parchment. Cinematic 16:9, 1920x1080.","no text, no letters, no writing, no numerals, no calligraphy, no signature, no watermark, no human face, no facial features, no portrait, no photoreal skin, no 3D render, no digital gloss, no lens flare, no modern objects, no crosses, no church architecture, no menorah, no Star of David.",16:9,S085-line.png
S085-wash,S085,S085,wash,ACT 4 — LATE MECCAN,25:20,"a dated, checkable, falsifiable prediction","A pair of brass scales, and beside them a stack of coins wagered on a flat stone. Chart-like ruling in the background. STYLE: ink and watercolour on aged parchment. Loose confident pen line, wet bleeding washes with visible grain and hard edges where the water dried. Palette: raw sienna, burnt umber, ochre, warm grey, with sparing indigo and a single warm gold accent. Muted, aged, hand-made. Generous empty parchment. Cinematic 16:9, 1920x1080.","no text, no letters, no writing, no numerals, no calligraphy, no signature, no watermark, no human face, no facial features, no portrait, no photoreal skin, no 3D render, no digital gloss, no lens flare, no modern objects, no crosses, no church architecture, no menorah, no Star of David.",16:9,S085-wash.png
S086-line,S086,S086,line,ACT 4 — LATE MECCAN,25:42,delegations from Yathrib meet him at Aqaba,"A narrow mountain pass at night, two small lamps set on the ground facing each other with an empty space between them., line art only, no colour, no wash STYLE: ink and watercolour on aged parchment. Loose confident pen line, wet bleeding washes with visible grain and hard edges where the water dried. Palette: raw sienna, burnt umber, ochre, warm grey, with sparing indigo and a single warm gold accent. Muted, aged, hand-made. Generous empty parchment. Cinematic 16:9, 1920x1080.","no text, no letters, no writing, no numerals, no calligraphy, no signature, no watermark, no human face, no facial features, no portrait, no photoreal skin, no 3D render, no digital gloss, no lens flare, no modern objects, no crosses, no church architecture, no menorah, no Star of David.",16:9,S086-line.png
S086-wash,S086,S086,wash,ACT 4 — LATE MECCAN,25:42,delegations from Yathrib meet him at Aqaba,"A narrow mountain pass at night, two small lamps set on the ground facing each other with an empty space between them. STYLE: ink and watercolour on aged parchment. Loose confident pen line, wet bleeding washes with visible grain and hard edges where the water dried. Palette: raw sienna, burnt umber, ochre, warm grey, with sparing indigo and a single warm gold accent. Muted, aged, hand-made. Generous empty parchment. Cinematic 16:9, 1920x1080.","no text, no letters, no writing, no numerals, no calligraphy, no signature, no watermark, no human face, no facial features, no portrait, no photoreal skin, no 3D render, no digital gloss, no lens flare, no modern objects, no crosses, no church architecture, no menorah, no Star of David.",16:9,S086-wash.png
S088-line,S088,S088,line,ACT 5 — EARLY MEDINAN,26:11,Six hundred and twenty-two. The Hijra.,"A road running north out of dry hill country, seen from behind and above, empty, going toward a green horizon. The only warm-to-cool transition in the film — Mecca's ochre giving way to Medina's greener palette. Establish it here., line art only, no colour, no wash STYLE: ink and watercolour on aged parchment. Loose confident pen line, wet bleeding washes with visible grain and hard edges where the water dried. Palette: raw sienna, burnt umber, ochre, warm grey, with sparing indigo and a single warm gold accent. Muted, aged, hand-made. Generous empty parchment. Cinematic 16:9, 1920x1080.","no text, no letters, no writing, no numerals, no calligraphy, no signature, no watermark, no human face, no facial features, no portrait, no photoreal skin, no 3D render, no digital gloss, no lens flare, no modern objects, no crosses, no church architecture, no menorah, no Star of David.",16:9,S088-line.png
S088-wash,S088,S088,wash,ACT 5 — EARLY MEDINAN,26:11,Six hundred and twenty-two. The Hijra.,"A road running north out of dry hill country, seen from behind and above, empty, going toward a green horizon. The only warm-to-cool transition in the film — Mecca's ochre giving way to Medina's greener palette. Establish it here. STYLE: ink and watercolour on aged parchment. Loose confident pen line, wet bleeding washes with visible grain and hard edges where the water dried. Palette: raw sienna, burnt umber, ochre, warm grey, with sparing indigo and a single warm gold accent. Muted, aged, hand-made. Generous empty parchment. Cinematic 16:9, 1920x1080.","no text, no letters, no writing, no numerals, no calligraphy, no signature, no watermark, no human face, no facial features, no portrait, no photoreal skin, no 3D render, no digital gloss, no lens flare, no modern objects, no crosses, no church architecture, no menorah, no Star of David.",16:9,S088-wash.png
S091-line,S091,S091,line,ACT 5 — EARLY MEDINAN,27:04,verses that ran four words now run forty,"Two parchment leaves side by side: the left with six short ink strokes, the right with dense continuous ruled lines of abstract marks filling the page., line art only, no colour, no wash STYLE: ink and watercolour on aged parchment. Loose confident pen line, wet bleeding washes with visible grain and hard edges where the water dried. Palette: raw sienna, burnt umber, ochre, warm grey, with sparing indigo and a single warm gold accent. Muted, aged, hand-made. Generous empty parchment. Cinematic 16:9, 1920x1080.","no text, no letters, no writing, no numerals, no calligraphy, no signature, no watermark, no human face, no facial features, no portrait, no photoreal skin, no 3D render, no digital gloss, no lens flare, no modern objects, no crosses, no church architecture, no menorah, no Star of David.",16:9,S091-line.png
S091-wash,S091,S091,wash,ACT 5 — EARLY MEDINAN,27:04,verses that ran four words now run forty,"Two parchment leaves side by side: the left with six short ink strokes, the right with dense continuous ruled lines of abstract marks filling the page. STYLE: ink and watercolour on aged parchment. Loose confident pen line, wet bleeding washes with visible grain and hard edges where the water dried. Palette: raw sienna, burnt umber, ochre, warm grey, with sparing indigo and a single warm gold accent. Muted, aged, hand-made. Generous empty parchment. Cinematic 16:9, 1920x1080.","no text, no letters, no writing, no numerals, no calligraphy, no signature, no watermark, no human face, no facial features, no portrait, no photoreal skin, no 3D render, no digital gloss, no lens flare, no modern objects, no crosses, no church architecture, no menorah, no Star of David.",16:9,S091-wash.png
S092-line,S092,S092,line,ACT 5 — EARLY MEDINAN,27:26,turn your face toward the Sacred Mosque,"A stone floor with a shallow arched niche in a bare wall — a mihrab, empty, lit from one side. Nobody praying., line art only, no colour, no wash STYLE: ink and watercolour on aged parchment. Loose confident pen line, wet bleeding washes with visible grain and hard edges where the water dried. Palette: raw sienna, burnt umber, ochre, warm grey, with sparing indigo and a single warm gold accent. Muted, aged, hand-made. Generous empty parchment. Cinematic 16:9, 1920x1080.","no text, no letters, no writing, no numerals, no calligraphy, no signature, no watermark, no human face, no facial features, no portrait, no photoreal skin, no 3D render, no digital gloss, no lens flare, no modern objects, no crosses, no church architecture, no menorah, no Star of David.",16:9,S092-line.png
S092-wash,S092,S092,wash,ACT 5 — EARLY MEDINAN,27:26,turn your face toward the Sacred Mosque,"A stone floor with a shallow arched niche in a bare wall — a mihrab, empty, lit from one side. Nobody praying. STYLE: ink and watercolour on aged parchment. Loose confident pen line, wet bleeding washes with visible grain and hard edges where the water dried. Palette: raw sienna, burnt umber, ochre, warm grey, with sparing indigo and a single warm gold accent. Muted, aged, hand-made. Generous empty parchment. Cinematic 16:9, 1920x1080.","no text, no letters, no writing, no numerals, no calligraphy, no signature, no watermark, no human face, no facial features, no portrait, no photoreal skin, no 3D render, no digital gloss, no lens flare, no modern objects, no crosses, no church architecture, no menorah, no Star of David.",16:9,S092-wash.png
S093-line,S093,S093,line,ACT 5 — EARLY MEDINAN,27:48,Fasting in Ramadan is prescribed,"A thin crescent moon over a flat rooftop skyline, and on a ledge in the foreground a bowl of dates and a cup of water, untouched., line art only, no colour, no wash STYLE: ink and watercolour on aged parchment. Loose confident pen line, wet bleeding washes with visible grain and hard edges where the water dried. Palette: raw sienna, burnt umber, ochre, warm grey, with sparing indigo and a single warm gold accent. Muted, aged, hand-made. Generous empty parchment. Cinematic 16:9, 1920x1080.","no text, no letters, no writing, no numerals, no calligraphy, no signature, no watermark, no human face, no facial features, no portrait, no photoreal skin, no 3D render, no digital gloss, no lens flare, no modern objects, no crosses, no church architecture, no menorah, no Star of David.",16:9,S093-line.png
S093-wash,S093,S093,wash,ACT 5 — EARLY MEDINAN,27:48,Fasting in Ramadan is prescribed,"A thin crescent moon over a flat rooftop skyline, and on a ledge in the foreground a bowl of dates and a cup of water, untouched. STYLE: ink and watercolour on aged parchment. Loose confident pen line, wet bleeding washes with visible grain and hard edges where the water dried. Palette: raw sienna, burnt umber, ochre, warm grey, with sparing indigo and a single warm gold accent. Muted, aged, hand-made. Generous empty parchment. Cinematic 16:9, 1920x1080.","no text, no letters, no writing, no numerals, no calligraphy, no signature, no watermark, no human face, no facial features, no portrait, no photoreal skin, no 3D render, no digital gloss, no lens flare, no modern objects, no crosses, no church architecture, no menorah, no Star of David.",16:9,S093-wash.png
S094-line,S094,S094,line,ACT 5 — EARLY MEDINAN,28:08,A prohibition of riba,"A set of scales with a small stone secretly added to one pan, tipping it. The extra stone is the subject; light it., line art only, no colour, no wash STYLE: ink and watercolour on aged parchment. Loose confident pen line, wet bleeding washes with visible grain and hard edges where the water dried. Palette: raw sienna, burnt umber, ochre, warm grey, with sparing indigo and a single warm gold accent. Muted, aged, hand-made. Generous empty parchment. Cinematic 16:9, 1920x1080.","no text, no letters, no writing, no numerals, no calligraphy, no signature, no watermark, no human face, no facial features, no portrait, no photoreal skin, no 3D render, no digital gloss, no lens flare, no modern objects, no crosses, no church architecture, no menorah, no Star of David.",16:9,S094-line.png
S094-wash,S094,S094,wash,ACT 5 — EARLY MEDINAN,28:08,A prohibition of riba,"A set of scales with a small stone secretly added to one pan, tipping it. The extra stone is the subject; light it. STYLE: ink and watercolour on aged parchment. Loose confident pen line, wet bleeding washes with visible grain and hard edges where the water dried. Palette: raw sienna, burnt umber, ochre, warm grey, with sparing indigo and a single warm gold accent. Muted, aged, hand-made. Generous empty parchment. Cinematic 16:9, 1920x1080.","no text, no letters, no writing, no numerals, no calligraphy, no signature, no watermark, no human face, no facial features, no portrait, no photoreal skin, no 3D render, no digital gloss, no lens flare, no modern objects, no crosses, no church architecture, no menorah, no Star of David.",16:9,S094-wash.png
S095-line,S095,S095,line,ACT 5 — EARLY MEDINAN,28:28,It is about writing down a loan,"A table from above: a sheet of parchment, a reed pen, an inkwell, and two hands — cropped at the wrist, no faces — one writing, one resting flat as a witness. The most mundane composition in the film. That is deliberate., line art only, no colour, no wash STYLE: ink and watercolour on aged parchment. Loose confident pen line, wet bleeding washes with visible grain and hard edges where the water dried. Palette: raw sienna, burnt umber, ochre, warm grey, with sparing indigo and a single warm gold accent. Muted, aged, hand-made. Generous empty parchment. Cinematic 16:9, 1920x1080.","no text, no letters, no writing, no numerals, no calligraphy, no signature, no watermark, no human face, no facial features, no portrait, no photoreal skin, no 3D render, no digital gloss, no lens flare, no modern objects, no crosses, no church architecture, no menorah, no Star of David.",16:9,S095-line.png
S095-wash,S095,S095,wash,ACT 5 — EARLY MEDINAN,28:28,It is about writing down a loan,"A table from above: a sheet of parchment, a reed pen, an inkwell, and two hands — cropped at the wrist, no faces — one writing, one resting flat as a witness. The most mundane composition in the film. That is deliberate. STYLE: ink and watercolour on aged parchment. Loose confident pen line, wet bleeding washes with visible grain and hard edges where the water dried. Palette: raw sienna, burnt umber, ochre, warm grey, with sparing indigo and a single warm gold accent. Muted, aged, hand-made. Generous empty parchment. Cinematic 16:9, 1920x1080.","no text, no letters, no writing, no numerals, no calligraphy, no signature, no watermark, no human face, no facial features, no portrait, no photoreal skin, no 3D render, no digital gloss, no lens flare, no modern objects, no crosses, no church architecture, no menorah, no Star of David.",16:9,S095-wash.png
S097-line,S097,S097,line,ACT 5 — EARLY MEDINAN,29:14,the folding of the sun and the scattering of the stars,"Split composition: upper half cosmic — a dark sky with stars visibly drifting out of formation; lower half a plain wooden market table. One frame, two registers, hard horizon between them., line art only, no colour, no wash STYLE: ink and watercolour on aged parchment. Loose confident pen line, wet bleeding washes with visible grain and hard edges where the water dried. Palette: raw sienna, burnt umber, ochre, warm grey, with sparing indigo and a single warm gold accent. Muted, aged, hand-made. Generous empty parchment. Cinematic 16:9, 1920x1080.","no text, no letters, no writing, no numerals, no calligraphy, no signature, no watermark, no human face, no facial features, no portrait, no photoreal skin, no 3D render, no digital gloss, no lens flare, no modern objects, no crosses, no church architecture, no menorah, no Star of David.",16:9,S097-line.png
S097-wash,S097,S097,wash,ACT 5 — EARLY MEDINAN,29:14,the folding of the sun and the scattering of the stars,"Split composition: upper half cosmic — a dark sky with stars visibly drifting out of formation; lower half a plain wooden market table. One frame, two registers, hard horizon between them. STYLE: ink and watercolour on aged parchment. Loose confident pen line, wet bleeding washes with visible grain and hard edges where the water dried. Palette: raw sienna, burnt umber, ochre, warm grey, with sparing indigo and a single warm gold accent. Muted, aged, hand-made. Generous empty parchment. Cinematic 16:9, 1920x1080.","no text, no letters, no writing, no numerals, no calligraphy, no signature, no watermark, no human face, no facial features, no portrait, no photoreal skin, no 3D render, no digital gloss, no lens flare, no modern objects, no crosses, no church architecture, no menorah, no Star of David.",16:9,S097-wash.png
S098-line,S098,S098,line,ACT 5 — EARLY MEDINAN,29:36,Badr. Roughly three hundred against a thousand.,"A dry valley floor from high above at dawn, two unequal scatterings of small dark marks facing each other across open ground. Marks, not men., line art only, no colour, no wash STYLE: ink and watercolour on aged parchment. Loose confident pen line, wet bleeding washes with visible grain and hard edges where the water dried. Palette: raw sienna, burnt umber, ochre, warm grey, with sparing indigo and a single warm gold accent. Muted, aged, hand-made. Generous empty parchment. Cinematic 16:9, 1920x1080.","no text, no letters, no writing, no numerals, no calligraphy, no signature, no watermark, no human face, no facial features, no portrait, no photoreal skin, no 3D render, no digital gloss, no lens flare, no modern objects, no crosses, no church architecture, no menorah, no Star of David.",16:9,S098-line.png
S098-wash,S098,S098,wash,ACT 5 — EARLY MEDINAN,29:36,Badr. Roughly three hundred against a thousand.,"A dry valley floor from high above at dawn, two unequal scatterings of small dark marks facing each other across open ground. Marks, not men. STYLE: ink and watercolour on aged parchment. Loose confident pen line, wet bleeding washes with visible grain and hard edges where the water dried. Palette: raw sienna, burnt umber, ochre, warm grey, with sparing indigo and a single warm gold accent. Muted, aged, hand-made. Generous empty parchment. Cinematic 16:9, 1920x1080.","no text, no letters, no writing, no numerals, no calligraphy, no signature, no watermark, no human face, no facial features, no portrait, no photoreal skin, no 3D render, no digital gloss, no lens flare, no modern objects, no crosses, no church architecture, no menorah, no Star of David.",16:9,S098-wash.png
S099-line,S099,S099,line,ACT 5 — EARLY MEDINAN,29:58,a group of archers leave a position they were told to hold,"A bare hillcrest with a low stone position on it, arrows left standing in the ground, and nobody there. The empty position is the subject., line art only, no colour, no wash STYLE: ink and watercolour on aged parchment. Loose confident pen line, wet bleeding washes with visible grain and hard edges where the water dried. Palette: raw sienna, burnt umber, ochre, warm grey, with sparing indigo and a single warm gold accent. Muted, aged, hand-made. Generous empty parchment. Cinematic 16:9, 1920x1080.","no text, no letters, no writing, no numerals, no calligraphy, no signature, no watermark, no human face, no facial features, no portrait, no photoreal skin, no 3D render, no digital gloss, no lens flare, no modern objects, no crosses, no church architecture, no menorah, no Star of David.",16:9,S099-line.png
S099-wash,S099,S099,wash,ACT 5 — EARLY MEDINAN,29:58,a group of archers leave a position they were told to hold,"A bare hillcrest with a low stone position on it, arrows left standing in the ground, and nobody there. The empty position is the subject. STYLE: ink and watercolour on aged parchment. Loose confident pen line, wet bleeding washes with visible grain and hard edges where the water dried. Palette: raw sienna, burnt umber, ochre, warm grey, with sparing indigo and a single warm gold accent. Muted, aged, hand-made. Generous empty parchment. Cinematic 16:9, 1920x1080.","no text, no letters, no writing, no numerals, no calligraphy, no signature, no watermark, no human face, no facial features, no portrait, no photoreal skin, no 3D render, no digital gloss, no lens flare, no modern objects, no crosses, no church architecture, no menorah, no Star of David.",16:9,S099-wash.png
S101-line,S101,S101,line,ACT 5 — EARLY MEDINAN,30:42,inheritance shares given as fractions,"A single estate — a house, a field, a few animals — drawn small and then divided by fine gold rule lines into unequal labelled sectors. Labels typeset in edit., line art only, no colour, no wash STYLE: ink and watercolour on aged parchment. Loose confident pen line, wet bleeding washes with visible grain and hard edges where the water dried. Palette: raw sienna, burnt umber, ochre, warm grey, with sparing indigo and a single warm gold accent. Muted, aged, hand-made. Generous empty parchment. Cinematic 16:9, 1920x1080.","no text, no letters, no writing, no numerals, no calligraphy, no signature, no watermark, no human face, no facial features, no portrait, no photoreal skin, no 3D render, no digital gloss, no lens flare, no modern objects, no crosses, no church architecture, no menorah, no Star of David.",16:9,S101-line.png
S101-wash,S101,S101,wash,ACT 5 — EARLY MEDINAN,30:42,inheritance shares given as fractions,"A single estate — a house, a field, a few animals — drawn small and then divided by fine gold rule lines into unequal labelled sectors. Labels typeset in edit. STYLE: ink and watercolour on aged parchment. Loose confident pen line, wet bleeding washes with visible grain and hard edges where the water dried. Palette: raw sienna, burnt umber, ochre, warm grey, with sparing indigo and a single warm gold accent. Muted, aged, hand-made. Generous empty parchment. Cinematic 16:9, 1920x1080.","no text, no letters, no writing, no numerals, no calligraphy, no signature, no watermark, no human face, no facial features, no portrait, no photoreal skin, no 3D render, no digital gloss, no lens flare, no modern objects, no crosses, no church architecture, no menorah, no Star of David.",16:9,S101-wash.png
S103-line,S103,S103,line,ACT 6 — LATE MEDINAN,31:21,The defenders dig a trench,"A long raw trench cut across open ground, seen along its length, spoil heaped on the near side. Tools left lying. Nobody in it., line art only, no colour, no wash STYLE: ink and watercolour on aged parchment. Loose confident pen line, wet bleeding washes with visible grain and hard edges where the water dried. Palette: raw sienna, burnt umber, ochre, warm grey, with sparing indigo and a single warm gold accent. Muted, aged, hand-made. Generous empty parchment. Cinematic 16:9, 1920x1080.","no text, no letters, no writing, no numerals, no calligraphy, no signature, no watermark, no human face, no facial features, no portrait, no photoreal skin, no 3D render, no digital gloss, no lens flare, no modern objects, no crosses, no church architecture, no menorah, no Star of David.",16:9,S103-line.png
S103-wash,S103,S103,wash,ACT 6 — LATE MEDINAN,31:21,The defenders dig a trench,"A long raw trench cut across open ground, seen along its length, spoil heaped on the near side. Tools left lying. Nobody in it. STYLE: ink and watercolour on aged parchment. Loose confident pen line, wet bleeding washes with visible grain and hard edges where the water dried. Palette: raw sienna, burnt umber, ochre, warm grey, with sparing indigo and a single warm gold accent. Muted, aged, hand-made. Generous empty parchment. Cinematic 16:9, 1920x1080.","no text, no letters, no writing, no numerals, no calligraphy, no signature, no watermark, no human face, no facial features, no portrait, no photoreal skin, no 3D render, no digital gloss, no lens flare, no modern objects, no crosses, no church architecture, no menorah, no Star of David.",16:9,S103-wash.png
S104-line,S104,S104,line,ACT 6 — LATE MEDINAN,31:44,ten thousand men,"A horizon line of countless small tent shapes and cooking smoke, rendered as repeated ink marks thinning into haze. Seen from inside the defences, low., line art only, no colour, no wash STYLE: ink and watercolour on aged parchment. Loose confident pen line, wet bleeding washes with visible grain and hard edges where the water dried. Palette: raw sienna, burnt umber, ochre, warm grey, with sparing indigo and a single warm gold accent. Muted, aged, hand-made. Generous empty parchment. Cinematic 16:9, 1920x1080.","no text, no letters, no writing, no numerals, no calligraphy, no signature, no watermark, no human face, no facial features, no portrait, no photoreal skin, no 3D render, no digital gloss, no lens flare, no modern objects, no crosses, no church architecture, no menorah, no Star of David.",16:9,S104-line.png
S104-wash,S104,S104,wash,ACT 6 — LATE MEDINAN,31:44,ten thousand men,"A horizon line of countless small tent shapes and cooking smoke, rendered as repeated ink marks thinning into haze. Seen from inside the defences, low. STYLE: ink and watercolour on aged parchment. Loose confident pen line, wet bleeding washes with visible grain and hard edges where the water dried. Palette: raw sienna, burnt umber, ochre, warm grey, with sparing indigo and a single warm gold accent. Muted, aged, hand-made. Generous empty parchment. Cinematic 16:9, 1920x1080.","no text, no letters, no writing, no numerals, no calligraphy, no signature, no watermark, no human face, no facial features, no portrait, no photoreal skin, no 3D render, no digital gloss, no lens flare, no modern objects, no crosses, no church architecture, no menorah, no Star of David.",16:9,S104-wash.png
S105-line,S105,S105,line,ACT 6 — LATE MEDINAN,32:06,hearts reached their throats,"A night sky with a cold wind visible in the way a row of tent ropes and a single lamp flame are pulled sideways. Tension through inanimate objects only., line art only, no colour, no wash STYLE: ink and watercolour on aged parchment. Loose confident pen line, wet bleeding washes with visible grain and hard edges where the water dried. Palette: raw sienna, burnt umber, ochre, warm grey, with sparing indigo and a single warm gold accent. Muted, aged, hand-made. Generous empty parchment. Cinematic 16:9, 1920x1080.","no text, no letters, no writing, no numerals, no calligraphy, no signature, no watermark, no human face, no facial features, no portrait, no photoreal skin, no 3D render, no digital gloss, no lens flare, no modern objects, no crosses, no church architecture, no menorah, no Star of David.",16:9,S105-line.png
S105-wash,S105,S105,wash,ACT 6 — LATE MEDINAN,32:06,hearts reached their throats,"A night sky with a cold wind visible in the way a row of tent ropes and a single lamp flame are pulled sideways. Tension through inanimate objects only. STYLE: ink and watercolour on aged parchment. Loose confident pen line, wet bleeding washes with visible grain and hard edges where the water dried. Palette: raw sienna, burnt umber, ochre, warm grey, with sparing indigo and a single warm gold accent. Muted, aged, hand-made. Generous empty parchment. Cinematic 16:9, 1920x1080.","no text, no letters, no writing, no numerals, no calligraphy, no signature, no watermark, no human face, no facial features, no portrait, no photoreal skin, no 3D render, no digital gloss, no lens flare, no modern objects, no crosses, no church architecture, no menorah, no Star of David.",16:9,S105-wash.png
S106-line,S106,S106,line,ACT 6 — LATE MEDINAN,32:28,the accusation runs through Medina for roughly a month,"A dense warren of flat rooftops at dusk seen from above, with a thin dark line travelling between them from house to house, doubling back on itself., line art only, no colour, no wash STYLE: ink and watercolour on aged parchment. Loose confident pen line, wet bleeding washes with visible grain and hard edges where the water dried. Palette: raw sienna, burnt umber, ochre, warm grey, with sparing indigo and a single warm gold accent. Muted, aged, hand-made. Generous empty parchment. Cinematic 16:9, 1920x1080.","no text, no letters, no writing, no numerals, no calligraphy, no signature, no watermark, no human face, no facial features, no portrait, no photoreal skin, no 3D render, no digital gloss, no lens flare, no modern objects, no crosses, no church architecture, no menorah, no Star of David.",16:9,S106-line.png
S106-wash,S106,S106,wash,ACT 6 — LATE MEDINAN,32:28,the accusation runs through Medina for roughly a month,"A dense warren of flat rooftops at dusk seen from above, with a thin dark line travelling between them from house to house, doubling back on itself. STYLE: ink and watercolour on aged parchment. Loose confident pen line, wet bleeding washes with visible grain and hard edges where the water dried. Palette: raw sienna, burnt umber, ochre, warm grey, with sparing indigo and a single warm gold accent. Muted, aged, hand-made. Generous empty parchment. Cinematic 16:9, 1920x1080.","no text, no letters, no writing, no numerals, no calligraphy, no signature, no watermark, no human face, no facial features, no portrait, no photoreal skin, no 3D render, no digital gloss, no lens flare, no modern objects, no crosses, no church architecture, no menorah, no Star of David.",16:9,S106-wash.png
S108-line,S108,S108,line,ACT 6 — LATE MEDINAN,33:20,"They travel toward Mecca, unarmed, and are stopped short","A road blocked by a simple rope line across it, dry hills beyond, a camel's shadow falling across the rope. No riders., line art only, no colour, no wash STYLE: ink and watercolour on aged parchment. Loose confident pen line, wet bleeding washes with visible grain and hard edges where the water dried. Palette: raw sienna, burnt umber, ochre, warm grey, with sparing indigo and a single warm gold accent. Muted, aged, hand-made. Generous empty parchment. Cinematic 16:9, 1920x1080.","no text, no letters, no writing, no numerals, no calligraphy, no signature, no watermark, no human face, no facial features, no portrait, no photoreal skin, no 3D render, no digital gloss, no lens flare, no modern objects, no crosses, no church architecture, no menorah, no Star of David.",16:9,S108-line.png
S108-wash,S108,S108,wash,ACT 6 — LATE MEDINAN,33:20,"They travel toward Mecca, unarmed, and are stopped short","A road blocked by a simple rope line across it, dry hills beyond, a camel's shadow falling across the rope. No riders. STYLE: ink and watercolour on aged parchment. Loose confident pen line, wet bleeding washes with visible grain and hard edges where the water dried. Palette: raw sienna, burnt umber, ochre, warm grey, with sparing indigo and a single warm gold accent. Muted, aged, hand-made. Generous empty parchment. Cinematic 16:9, 1920x1080.","no text, no letters, no writing, no numerals, no calligraphy, no signature, no watermark, no human face, no facial features, no portrait, no photoreal skin, no 3D render, no digital gloss, no lens flare, no modern objects, no crosses, no church architecture, no menorah, no Star of David.",16:9,S108-wash.png
S109-line,S109,S109,line,ACT 6 — LATE MEDINAN,33:44,the phrase is struck out,"A parchment document on a table with one line physically scored through by a wet stroke of ink. The strike is fresh and still glossy., line art only, no colour, no wash STYLE: ink and watercolour on aged parchment. Loose confident pen line, wet bleeding washes with visible grain and hard edges where the water dried. Palette: raw sienna, burnt umber, ochre, warm grey, with sparing indigo and a single warm gold accent. Muted, aged, hand-made. Generous empty parchment. Cinematic 16:9, 1920x1080.","no text, no letters, no writing, no numerals, no calligraphy, no signature, no watermark, no human face, no facial features, no portrait, no photoreal skin, no 3D render, no digital gloss, no lens flare, no modern objects, no crosses, no church architecture, no menorah, no Star of David.",16:9,S109-line.png
S109-wash,S109,S109,wash,ACT 6 — LATE MEDINAN,33:44,the phrase is struck out,"A parchment document on a table with one line physically scored through by a wet stroke of ink. The strike is fresh and still glossy. STYLE: ink and watercolour on aged parchment. Loose confident pen line, wet bleeding washes with visible grain and hard edges where the water dried. Palette: raw sienna, burnt umber, ochre, warm grey, with sparing indigo and a single warm gold accent. Muted, aged, hand-made. Generous empty parchment. Cinematic 16:9, 1920x1080.","no text, no letters, no writing, no numerals, no calligraphy, no signature, no watermark, no human face, no facial features, no portrait, no photoreal skin, no 3D render, no digital gloss, no lens flare, no modern objects, no crosses, no church architecture, no menorah, no Star of David.",16:9,S109-wash.png
S111-line,S111,S111,line,ACT 6 — LATE MEDINAN,34:28,The truce ends the state of siege,"A once-blocked road now open, the rope coiled and set aside at the verge, dust raised along its length by traffic that has just passed., line art only, no colour, no wash STYLE: ink and watercolour on aged parchment. Loose confident pen line, wet bleeding washes with visible grain and hard edges where the water dried. Palette: raw sienna, burnt umber, ochre, warm grey, with sparing indigo and a single warm gold accent. Muted, aged, hand-made. Generous empty parchment. Cinematic 16:9, 1920x1080.","no text, no letters, no writing, no numerals, no calligraphy, no signature, no watermark, no human face, no facial features, no portrait, no photoreal skin, no 3D render, no digital gloss, no lens flare, no modern objects, no crosses, no church architecture, no menorah, no Star of David.",16:9,S111-line.png
S111-wash,S111,S111,wash,ACT 6 — LATE MEDINAN,34:28,The truce ends the state of siege,"A once-blocked road now open, the rope coiled and set aside at the verge, dust raised along its length by traffic that has just passed. STYLE: ink and watercolour on aged parchment. Loose confident pen line, wet bleeding washes with visible grain and hard edges where the water dried. Palette: raw sienna, burnt umber, ochre, warm grey, with sparing indigo and a single warm gold accent. Muted, aged, hand-made. Generous empty parchment. Cinematic 16:9, 1920x1080.","no text, no letters, no writing, no numerals, no calligraphy, no signature, no watermark, no human face, no facial features, no portrait, no photoreal skin, no 3D render, no digital gloss, no lens flare, no modern objects, no crosses, no church architecture, no menorah, no Star of David.",16:9,S111-wash.png
S112-line,S112,S112,line,ACT 6 — LATE MEDINAN,34:52,Do not let a group mock another group,"Two clusters of empty seating mats on a floor, set apart with a clear gap between them, each cluster turned slightly away from the other., line art only, no colour, no wash STYLE: ink and watercolour on aged parchment. Loose confident pen line, wet bleeding washes with visible grain and hard edges where the water dried. Palette: raw sienna, burnt umber, ochre, warm grey, with sparing indigo and a single warm gold accent. Muted, aged, hand-made. Generous empty parchment. Cinematic 16:9, 1920x1080.","no text, no letters, no writing, no numerals, no calligraphy, no signature, no watermark, no human face, no facial features, no portrait, no photoreal skin, no 3D render, no digital gloss, no lens flare, no modern objects, no crosses, no church architecture, no menorah, no Star of David.",16:9,S112-line.png
S112-wash,S112,S112,wash,ACT 6 — LATE MEDINAN,34:52,Do not let a group mock another group,"Two clusters of empty seating mats on a floor, set apart with a clear gap between them, each cluster turned slightly away from the other. STYLE: ink and watercolour on aged parchment. Loose confident pen line, wet bleeding washes with visible grain and hard edges where the water dried. Palette: raw sienna, burnt umber, ochre, warm grey, with sparing indigo and a single warm gold accent. Muted, aged, hand-made. Generous empty parchment. Cinematic 16:9, 1920x1080.","no text, no letters, no writing, no numerals, no calligraphy, no signature, no watermark, no human face, no facial features, no portrait, no photoreal skin, no 3D render, no digital gloss, no lens flare, no modern objects, no crosses, no church architecture, no menorah, no Star of David.",16:9,S112-wash.png
S113-line,S113,S113,line,ACT 6 — LATE MEDINAN,35:14,would any of you like to eat the flesh of his dead brother?,"A covered dish on a low table, the cloth still over it, one hand at the edge of frame withdrawing. No contents shown. Do not illustrate the image literally — the line is the shock; the picture should decline to compete with it., line art only, no colour, no wash STYLE: ink and watercolour on aged parchment. Loose confident pen line, wet bleeding washes with visible grain and hard edges where the water dried. Palette: raw sienna, burnt umber, ochre, warm grey, with sparing indigo and a single warm gold accent. Muted, aged, hand-made. Generous empty parchment. Cinematic 16:9, 1920x1080.","no text, no letters, no writing, no numerals, no calligraphy, no signature, no watermark, no human face, no facial features, no portrait, no photoreal skin, no 3D render, no digital gloss, no lens flare, no modern objects, no crosses, no church architecture, no menorah, no Star of David.",16:9,S113-line.png
S113-wash,S113,S113,wash,ACT 6 — LATE MEDINAN,35:14,would any of you like to eat the flesh of his dead brother?,"A covered dish on a low table, the cloth still over it, one hand at the edge of frame withdrawing. No contents shown. Do not illustrate the image literally — the line is the shock; the picture should decline to compete with it. STYLE: ink and watercolour on aged parchment. Loose confident pen line, wet bleeding washes with visible grain and hard edges where the water dried. Palette: raw sienna, burnt umber, ochre, warm grey, with sparing indigo and a single warm gold accent. Muted, aged, hand-made. Generous empty parchment. Cinematic 16:9, 1920x1080.","no text, no letters, no writing, no numerals, no calligraphy, no signature, no watermark, no human face, no facial features, no portrait, no photoreal skin, no 3D render, no digital gloss, no lens flare, no modern objects, no crosses, no church architecture, no menorah, no Star of David.",16:9,S113-wash.png
S115-line,S115,S115,line,ACT 6 — LATE MEDINAN,35:48,peoples and tribes so that you may know one another,"A hand-inked chart of many small settlements across a wide territory, joined by a web of fine gold lines. No borders drawn., line art only, no colour, no wash STYLE: ink and watercolour on aged parchment. Loose confident pen line, wet bleeding washes with visible grain and hard edges where the water dried. Palette: raw sienna, burnt umber, ochre, warm grey, with sparing indigo and a single warm gold accent. Muted, aged, hand-made. Generous empty parchment. Cinematic 16:9, 1920x1080.","no text, no letters, no writing, no numerals, no calligraphy, no signature, no watermark, no human face, no facial features, no portrait, no photoreal skin, no 3D render, no digital gloss, no lens flare, no modern objects, no crosses, no church architecture, no menorah, no Star of David.",16:9,S115-line.png
S115-wash,S115,S115,wash,ACT 6 — LATE MEDINAN,35:48,peoples and tribes so that you may know one another,"A hand-inked chart of many small settlements across a wide territory, joined by a web of fine gold lines. No borders drawn. STYLE: ink and watercolour on aged parchment. Loose confident pen line, wet bleeding washes with visible grain and hard edges where the water dried. Palette: raw sienna, burnt umber, ochre, warm grey, with sparing indigo and a single warm gold accent. Muted, aged, hand-made. Generous empty parchment. Cinematic 16:9, 1920x1080.","no text, no letters, no writing, no numerals, no calligraphy, no signature, no watermark, no human face, no facial features, no portrait, no photoreal skin, no 3D render, no digital gloss, no lens flare, no modern objects, no crosses, no church architecture, no menorah, no Star of David.",16:9,S115-wash.png
S117-line,S117,S117,line,ACT 6 — LATE MEDINAN,36:34,the only surah that does not begin with the Bismillah,"A parchment page whose top margin is conspicuously, deliberately empty — the text block starting lower than the eye expects. The absence is the image., line art only, no colour, no wash STYLE: ink and watercolour on aged parchment. Loose confident pen line, wet bleeding washes with visible grain and hard edges where the water dried. Palette: raw sienna, burnt umber, ochre, warm grey, with sparing indigo and a single warm gold accent. Muted, aged, hand-made. Generous empty parchment. Cinematic 16:9, 1920x1080.","no text, no letters, no writing, no numerals, no calligraphy, no signature, no watermark, no human face, no facial features, no portrait, no photoreal skin, no 3D render, no digital gloss, no lens flare, no modern objects, no crosses, no church architecture, no menorah, no Star of David.",16:9,S117-line.png
S117-wash,S117,S117,wash,ACT 6 — LATE MEDINAN,36:34,the only surah that does not begin with the Bismillah,"A parchment page whose top margin is conspicuously, deliberately empty — the text block starting lower than the eye expects. The absence is the image. STYLE: ink and watercolour on aged parchment. Loose confident pen line, wet bleeding washes with visible grain and hard edges where the water dried. Palette: raw sienna, burnt umber, ochre, warm grey, with sparing indigo and a single warm gold accent. Muted, aged, hand-made. Generous empty parchment. Cinematic 16:9, 1920x1080.","no text, no letters, no writing, no numerals, no calligraphy, no signature, no watermark, no human face, no facial features, no portrait, no photoreal skin, no 3D render, no digital gloss, no lens flare, no modern objects, no crosses, no church architecture, no menorah, no Star of David.",16:9,S117-wash.png
S118-line,S118,S118,line,ACT 6 — LATE MEDINAN,36:56,on the plain of Arafat,"Return to S012's aerial, now in full daylight, the speckled crowd texture denser and running to the horizon., line art only, no colour, no wash STYLE: ink and watercolour on aged parchment. Loose confident pen line, wet bleeding washes with visible grain and hard edges where the water dried. Palette: raw sienna, burnt umber, ochre, warm grey, with sparing indigo and a single warm gold accent. Muted, aged, hand-made. Generous empty parchment. Cinematic 16:9, 1920x1080.","no text, no letters, no writing, no numerals, no calligraphy, no signature, no watermark, no human face, no facial features, no portrait, no photoreal skin, no 3D render, no digital gloss, no lens flare, no modern objects, no crosses, no church architecture, no menorah, no Star of David.",16:9,S118-line.png
S118-wash,S118,S118,wash,ACT 6 — LATE MEDINAN,36:56,on the plain of Arafat,"Return to S012's aerial, now in full daylight, the speckled crowd texture denser and running to the horizon. STYLE: ink and watercolour on aged parchment. Loose confident pen line, wet bleeding washes with visible grain and hard edges where the water dried. Palette: raw sienna, burnt umber, ochre, warm grey, with sparing indigo and a single warm gold accent. Muted, aged, hand-made. Generous empty parchment. Cinematic 16:9, 1920x1080.","no text, no letters, no writing, no numerals, no calligraphy, no signature, no watermark, no human face, no facial features, no portrait, no photoreal skin, no 3D render, no digital gloss, no lens flare, no modern objects, no crosses, no church architecture, no menorah, no Star of David.",16:9,S118-wash.png
S120-line,S120,S120,line,ACT 6 — LATE MEDINAN,37:40,nothing is completed except that it begins to decline,"A sundial or shadow-line on a stone floor at the exact moment of noon, the shadow at its shortest. Everything about to lengthen., line art only, no colour, no wash STYLE: ink and watercolour on aged parchment. Loose confident pen line, wet bleeding washes with visible grain and hard edges where the water dried. Palette: raw sienna, burnt umber, ochre, warm grey, with sparing indigo and a single warm gold accent. Muted, aged, hand-made. Generous empty parchment. Cinematic 16:9, 1920x1080.","no text, no letters, no writing, no numerals, no calligraphy, no signature, no watermark, no human face, no facial features, no portrait, no photoreal skin, no 3D render, no digital gloss, no lens flare, no modern objects, no crosses, no church architecture, no menorah, no Star of David.",16:9,S120-line.png
S120-wash,S120,S120,wash,ACT 6 — LATE MEDINAN,37:40,nothing is completed except that it begins to decline,"A sundial or shadow-line on a stone floor at the exact moment of noon, the shadow at its shortest. Everything about to lengthen. STYLE: ink and watercolour on aged parchment. Loose confident pen line, wet bleeding washes with visible grain and hard edges where the water dried. Palette: raw sienna, burnt umber, ochre, warm grey, with sparing indigo and a single warm gold accent. Muted, aged, hand-made. Generous empty parchment. Cinematic 16:9, 1920x1080.","no text, no letters, no writing, no numerals, no calligraphy, no signature, no watermark, no human face, no facial features, no portrait, no photoreal skin, no 3D render, no digital gloss, no lens flare, no modern objects, no crosses, no church architecture, no menorah, no Star of David.",16:9,S120-wash.png
S124-line,S124,S124,line,ACT 7 — THE PAYOFF,38:54,abrogation stops looking like contradiction,"Two parchment leaves overlapping, the upper one translucent so the lower shows through — the two texts aligning rather than fighting. No legible glyphs., line art only, no colour, no wash STYLE: ink and watercolour on aged parchment. Loose confident pen line, wet bleeding washes with visible grain and hard edges where the water dried. Palette: raw sienna, burnt umber, ochre, warm grey, with sparing indigo and a single warm gold accent. Muted, aged, hand-made. Generous empty parchment. Cinematic 16:9, 1920x1080.","no text, no letters, no writing, no numerals, no calligraphy, no signature, no watermark, no human face, no facial features, no portrait, no photoreal skin, no 3D render, no digital gloss, no lens flare, no modern objects, no crosses, no church architecture, no menorah, no Star of David.",16:9,S124-line.png
S124-wash,S124,S124,wash,ACT 7 — THE PAYOFF,38:54,abrogation stops looking like contradiction,"Two parchment leaves overlapping, the upper one translucent so the lower shows through — the two texts aligning rather than fighting. No legible glyphs. STYLE: ink and watercolour on aged parchment. Loose confident pen line, wet bleeding washes with visible grain and hard edges where the water dried. Palette: raw sienna, burnt umber, ochre, warm grey, with sparing indigo and a single warm gold accent. Muted, aged, hand-made. Generous empty parchment. Cinematic 16:9, 1920x1080.","no text, no letters, no writing, no numerals, no calligraphy, no signature, no watermark, no human face, no facial features, no portrait, no photoreal skin, no 3D render, no digital gloss, no lens flare, no modern objects, no crosses, no church architecture, no menorah, no Star of David.",16:9,S124-wash.png
S127-line,S127,S127,line,ACT 7 — THE PAYOFF,40:10,Al-Fatiha's position is a decision,"A book opened at its very first page, the page blank, the binding new and the spine uncracked. Warm frontal light. The threshold, again., line art only, no colour, no wash STYLE: ink and watercolour on aged parchment. Loose confident pen line, wet bleeding washes with visible grain and hard edges where the water dried. Palette: raw sienna, burnt umber, ochre, warm grey, with sparing indigo and a single warm gold accent. Muted, aged, hand-made. Generous empty parchment. Cinematic 16:9, 1920x1080.","no text, no letters, no writing, no numerals, no calligraphy, no signature, no watermark, no human face, no facial features, no portrait, no photoreal skin, no 3D render, no digital gloss, no lens flare, no modern objects, no crosses, no church architecture, no menorah, no Star of David.",16:9,S127-line.png
S127-wash,S127,S127,wash,ACT 7 — THE PAYOFF,40:10,Al-Fatiha's position is a decision,"A book opened at its very first page, the page blank, the binding new and the spine uncracked. Warm frontal light. The threshold, again. STYLE: ink and watercolour on aged parchment. Loose confident pen line, wet bleeding washes with visible grain and hard edges where the water dried. Palette: raw sienna, burnt umber, ochre, warm grey, with sparing indigo and a single warm gold accent. Muted, aged, hand-made. Generous empty parchment. Cinematic 16:9, 1920x1080.","no text, no letters, no writing, no numerals, no calligraphy, no signature, no watermark, no human face, no facial features, no portrait, no photoreal skin, no 3D render, no digital gloss, no lens flare, no modern objects, no crosses, no church architecture, no menorah, no Star of David.",16:9,S127-wash.png
S129-line,S129,S129,line,ACT 7 — THE PAYOFF,41:02,you will not be able to unsee it,"An open book on a stand with one line of a page catching a shaft of light while the rest sits in shade. No legible text., line art only, no colour, no wash STYLE: ink and watercolour on aged parchment. Loose confident pen line, wet bleeding washes with visible grain and hard edges where the water dried. Palette: raw sienna, burnt umber, ochre, warm grey, with sparing indigo and a single warm gold accent. Muted, aged, hand-made. Generous empty parchment. Cinematic 16:9, 1920x1080.","no text, no letters, no writing, no numerals, no calligraphy, no signature, no watermark, no human face, no facial features, no portrait, no photoreal skin, no 3D render, no digital gloss, no lens flare, no modern objects, no crosses, no church architecture, no menorah, no Star of David.",16:9,S129-line.png
S129-wash,S129,S129,wash,ACT 7 — THE PAYOFF,41:02,you will not be able to unsee it,"An open book on a stand with one line of a page catching a shaft of light while the rest sits in shade. No legible text. STYLE: ink and watercolour on aged parchment. Loose confident pen line, wet bleeding washes with visible grain and hard edges where the water dried. Palette: raw sienna, burnt umber, ochre, warm grey, with sparing indigo and a single warm gold accent. Muted, aged, hand-made. Generous empty parchment. Cinematic 16:9, 1920x1080.","no text, no letters, no writing, no numerals, no calligraphy, no signature, no watermark, no human face, no facial features, no portrait, no photoreal skin, no 3D render, no digital gloss, no lens flare, no modern objects, no crosses, no church architecture, no menorah, no Star of David.",16:9,S129-wash.png
S131-line,S131,S131,line,ACT 7 — THE PAYOFF,41:46,it arrived in year sixteen,"The 23-year bar from S102 rendered as a physical inked rule on parchment, with a single gold mark struck at year sixteen., line art only, no colour, no wash STYLE: ink and watercolour on aged parchment. Loose confident pen line, wet bleeding washes with visible grain and hard edges where the water dried. Palette: raw sienna, burnt umber, ochre, warm grey, with sparing indigo and a single warm gold accent. Muted, aged, hand-made. Generous empty parchment. Cinematic 16:9, 1920x1080.","no text, no letters, no writing, no numerals, no calligraphy, no signature, no watermark, no human face, no facial features, no portrait, no photoreal skin, no 3D render, no digital gloss, no lens flare, no modern objects, no crosses, no church architecture, no menorah, no Star of David.",16:9,S131-line.png
S131-wash,S131,S131,wash,ACT 7 — THE PAYOFF,41:46,it arrived in year sixteen,"The 23-year bar from S102 rendered as a physical inked rule on parchment, with a single gold mark struck at year sixteen. STYLE: ink and watercolour on aged parchment. Loose confident pen line, wet bleeding washes with visible grain and hard edges where the water dried. Palette: raw sienna, burnt umber, ochre, warm grey, with sparing indigo and a single warm gold accent. Muted, aged, hand-made. Generous empty parchment. Cinematic 16:9, 1920x1080.","no text, no letters, no writing, no numerals, no calligraphy, no signature, no watermark, no human face, no facial features, no portrait, no photoreal skin, no 3D render, no digital gloss, no lens flare, no modern objects, no crosses, no church architecture, no menorah, no Star of David.",16:9,S131-wash.png
S132-line,S132,S132,line,ACT 7 — THE PAYOFF,42:02,the work of people who counted,"A desk from above at night: several open volumes, a lamp, a reed pen, and margins dense with abstract annotation. Warm pool of light, dark edges., line art only, no colour, no wash STYLE: ink and watercolour on aged parchment. Loose confident pen line, wet bleeding washes with visible grain and hard edges where the water dried. Palette: raw sienna, burnt umber, ochre, warm grey, with sparing indigo and a single warm gold accent. Muted, aged, hand-made. Generous empty parchment. Cinematic 16:9, 1920x1080.","no text, no letters, no writing, no numerals, no calligraphy, no signature, no watermark, no human face, no facial features, no portrait, no photoreal skin, no 3D render, no digital gloss, no lens flare, no modern objects, no crosses, no church architecture, no menorah, no Star of David.",16:9,S132-line.png
S132-wash,S132,S132,wash,ACT 7 — THE PAYOFF,42:02,the work of people who counted,"A desk from above at night: several open volumes, a lamp, a reed pen, and margins dense with abstract annotation. Warm pool of light, dark edges. STYLE: ink and watercolour on aged parchment. Loose confident pen line, wet bleeding washes with visible grain and hard edges where the water dried. Palette: raw sienna, burnt umber, ochre, warm grey, with sparing indigo and a single warm gold accent. Muted, aged, hand-made. Generous empty parchment. Cinematic 16:9, 1920x1080.","no text, no letters, no writing, no numerals, no calligraphy, no signature, no watermark, no human face, no facial features, no portrait, no photoreal skin, no 3D render, no digital gloss, no lens flare, no modern objects, no crosses, no church architecture, no menorah, no Star of David.",16:9,S132-wash.png
S133-line,S133,S133,line,ACT 7 — THE PAYOFF,42:28,preserved the disagreement instead of quietly deleting it,"Two manuscript pages side by side, both annotated, with a fine gold line drawn between two differing entries — connecting them, not resolving them., line art only, no colour, no wash STYLE: ink and watercolour on aged parchment. Loose confident pen line, wet bleeding washes with visible grain and hard edges where the water dried. Palette: raw sienna, burnt umber, ochre, warm grey, with sparing indigo and a single warm gold accent. Muted, aged, hand-made. Generous empty parchment. Cinematic 16:9, 1920x1080.","no text, no letters, no writing, no numerals, no calligraphy, no signature, no watermark, no human face, no facial features, no portrait, no photoreal skin, no 3D render, no digital gloss, no lens flare, no modern objects, no crosses, no church architecture, no menorah, no Star of David.",16:9,S133-line.png
S133-wash,S133,S133,wash,ACT 7 — THE PAYOFF,42:28,preserved the disagreement instead of quietly deleting it,"Two manuscript pages side by side, both annotated, with a fine gold line drawn between two differing entries — connecting them, not resolving them. STYLE: ink and watercolour on aged parchment. Loose confident pen line, wet bleeding washes with visible grain and hard edges where the water dried. Palette: raw sienna, burnt umber, ochre, warm grey, with sparing indigo and a single warm gold accent. Muted, aged, hand-made. Generous empty parchment. Cinematic 16:9, 1920x1080.","no text, no letters, no writing, no numerals, no calligraphy, no signature, no watermark, no human face, no facial features, no portrait, no photoreal skin, no 3D render, no digital gloss, no lens flare, no modern objects, no crosses, no church architecture, no menorah, no Star of David.",16:9,S133-wash.png
S135-line,S135,S135,line,ACT 7 — THE PAYOFF,43:02,"Read, in the name of your Lord who created","Return to S037 — the reed pen alone on parchment — but now the nib is dry and the ink drop beside it has soaked in and spread. Last frame of the film. Hold to black., line art only, no colour, no wash STYLE: ink and watercolour on aged parchment. Loose confident pen line, wet bleeding washes with visible grain and hard edges where the water dried. Palette: raw sienna, burnt umber, ochre, warm grey, with sparing indigo and a single warm gold accent. Muted, aged, hand-made. Generous empty parchment. Cinematic 16:9, 1920x1080.","no text, no letters, no writing, no numerals, no calligraphy, no signature, no watermark, no human face, no facial features, no portrait, no photoreal skin, no 3D render, no digital gloss, no lens flare, no modern objects, no crosses, no church architecture, no menorah, no Star of David.",16:9,S135-line.png
S135-wash,S135,S135,wash,ACT 7 — THE PAYOFF,43:02,"Read, in the name of your Lord who created","Return to S037 — the reed pen alone on parchment — but now the nib is dry and the ink drop beside it has soaked in and spread. Last frame of the film. Hold to black. STYLE: ink and watercolour on aged parchment. Loose confident pen line, wet bleeding washes with visible grain and hard edges where the water dried. Palette: raw sienna, burnt umber, ochre, warm grey, with sparing indigo and a single warm gold accent. Muted, aged, hand-made. Generous empty parchment. Cinematic 16:9, 1920x1080.","no text, no letters, no writing, no numerals, no calligraphy, no signature, no watermark, no human face, no facial features, no portrait, no photoreal skin, no 3D render, no digital gloss, no lens flare, no modern objects, no crosses, no church architecture, no menorah, no Star of David.",16:9,S135-wash.png
